Rv0005	Rv0684
Rv0005	Rv1392
Rv0005	Rv1821
Rv0005	Rv2038c
Rv0005	Rv2397c
Rv0005	Rv2460c
Rv0005	Rv2461c
Rv0005	Rv2748c
Rv0005	Rv2879c
Rv0005	Rv2890c
Rv0005	Rv3105c
Rv0005	Rv3109
Rv0005	Rv3211
Rv0005	Rv3240c
Rv0005	Rv3663c
Rv0006	Rv0350
Rv0006	Rv0352
Rv0006	Rv0384c
Rv0006	Rv0440
Rv0006	Rv0700
Rv0006	Rv1297
Rv0006	Rv1392
Rv0006	Rv1821
Rv0006	Rv2038c
Rv0006	Rv2215
Rv0006	Rv2373c
Rv0006	Rv2397c
Rv0006	Rv2460c
Rv0006	Rv2461c
Rv0006	Rv2748c
Rv0006	Rv2855
Rv0006	Rv2890c
Rv0006	Rv3240c
Rv0006	Rv3313c
Rv0006	Rv3417c
Rv0006	Rv3443c
Rv0006	Rv3596c
Rv0006	Rv3663c
Rv0009	Rv0015c
Rv0009	Rv2115c
Rv0009	Rv3610c
Rv0015c	Rv0752c
Rv0015c	Rv0873
Rv0015c	Rv0975c
Rv0015c	Rv3010c
Rv0015c	Rv3139
Rv0015c	Rv3140
Rv0118c	Rv0440
Rv0118c	Rv0641
Rv0118c	Rv0672
Rv0118c	Rv0683
Rv0118c	Rv0701
Rv0118c	Rv1630
Rv0118c	Rv1643
Rv0118c	Rv1821
Rv0118c	Rv2215
Rv0118c	Rv2855
Rv0118c	Rv2890c
Rv0118c	Rv2904c
Rv0118c	Rv3211
Rv0118c	Rv3240c
Rv0118c	Rv3417c
Rv0118c	Rv3443c
Rv0118c	Rv3460c
Rv0125	Rv2460c
Rv0125	Rv2461c
Rv0162c	Rv2397c
Rv0248c	Rv1594
Rv0248c	Rv1595
Rv0350	Rv0672
Rv0350	Rv0927c
Rv0350	Rv1392
Rv0350	Rv1643
Rv0350	Rv1659
Rv0350	Rv1661
Rv0350	Rv1662
Rv0350	Rv1664
Rv0350	Rv1821
Rv0350	Rv2115c
Rv0350	Rv2152c
Rv0350	Rv2245
Rv0350	Rv2397c
Rv0350	Rv2457c
Rv0350	Rv2460c
Rv0350	Rv2461c
Rv0350	Rv2555c
Rv0350	Rv2592c
Rv0350	Rv2703
Rv0350	Rv2710
Rv0350	Rv2833c
Rv0350	Rv2890c
Rv0350	Rv2904c
Rv0350	Rv2934
Rv0350	Rv3141
Rv0350	Rv3211
Rv0350	Rv3240c
Rv0350	Rv3398c
Rv0350	Rv3417c
Rv0350	Rv3432c
Rv0350	Rv3610c
Rv0350	Rv3663c
Rv0352	Rv0384c
Rv0352	Rv0639
Rv0352	Rv0641
Rv0352	Rv0672
Rv0352	Rv0683
Rv0352	Rv0700
Rv0352	Rv0701
Rv0352	Rv1297
Rv0352	Rv1392
Rv0352	Rv1630
Rv0352	Rv1641
Rv0352	Rv2373c
Rv0352	Rv2397c
Rv0352	Rv2457c
Rv0352	Rv2592c
Rv0352	Rv2833c
Rv0352	Rv2879c
Rv0352	Rv2890c
Rv0352	Rv2904c
Rv0352	Rv3211
Rv0352	Rv3313c
Rv0352	Rv3460c
Rv0352	Rv3596c
Rv0384c	Rv0440
Rv0384c	Rv0683
Rv0384c	Rv0700
Rv0384c	Rv0701
Rv0384c	Rv0718
Rv0384c	Rv1297
Rv0384c	Rv1630
Rv0384c	Rv1821
Rv0384c	Rv1837c
Rv0384c	Rv2038c
Rv0384c	Rv2373c
Rv0384c	Rv2397c
Rv0384c	Rv2457c
Rv0384c	Rv2592c
Rv0384c	Rv2879c
Rv0384c	Rv2890c
Rv0384c	Rv3240c
Rv0384c	Rv3379c
Rv0384c	Rv3417c
Rv0384c	Rv3443c
Rv0384c	Rv3596c
Rv0384c	Rv3663c
Rv0440	Rv0639
Rv0440	Rv0672
Rv0440	Rv0815c
Rv0440	Rv1110
Rv0440	Rv2038c
Rv0440	Rv2139
Rv0440	Rv2397c
Rv0440	Rv2457c
Rv0440	Rv2460c
Rv0440	Rv2461c
Rv0440	Rv2497c
Rv0440	Rv2592c
Rv0440	Rv2841c
Rv0440	Rv2855
Rv0440	Rv2861c
Rv0440	Rv2890c
Rv0440	Rv3109
Rv0440	Rv3148
Rv0440	Rv3417c
Rv0440	Rv3432c
Rv0440	Rv3596c
Rv0440	Rv3663c
Rv0469	Rv2397c
Rv0558	Rv2855
Rv0602c	Rv0757
Rv0602c	Rv0903c
Rv0602c	Rv1032c
Rv0639	Rv0683
Rv0639	Rv0700
Rv0639	Rv1821
Rv0639	Rv2152c
Rv0639	Rv2373c
Rv0639	Rv2890c
Rv0639	Rv3211
Rv0639	Rv3240c
Rv0639	Rv3417c
Rv0640	Rv1551
Rv0640	Rv1641
Rv0640	Rv1821
Rv0640	Rv2038c
Rv0640	Rv2397c
Rv0640	Rv2460c
Rv0640	Rv2461c
Rv0640	Rv2482c
Rv0640	Rv3105c
Rv0640	Rv3211
Rv0640	Rv3240c
Rv0640	Rv3398c
Rv0640	Rv3663c
Rv0641	Rv0672
Rv0641	Rv0864
Rv0641	Rv2368c
Rv0641	Rv2373c
Rv0641	Rv2460c
Rv0641	Rv2461c
Rv0641	Rv2703
Rv0641	Rv2710
Rv0641	Rv2783c
Rv0641	Rv2841c
Rv0641	Rv2879c
Rv0641	Rv3211
Rv0641	Rv3324c
Rv0642c	Rv2397c
Rv0672	Rv0682
Rv0672	Rv0683
Rv0672	Rv0701
Rv0672	Rv0705
Rv0672	Rv2215
Rv0672	Rv2373c
Rv0672	Rv2890c
Rv0672	Rv2904c
Rv0672	Rv3417c
Rv0672	Rv3443c
Rv0682	Rv3443c
Rv0683	Rv2038c
Rv0683	Rv2115c
Rv0683	Rv2368c
Rv0683	Rv2373c
Rv0683	Rv2397c
Rv0683	Rv2457c
Rv0683	Rv2460c
Rv0683	Rv2461c
Rv0683	Rv2462c
Rv0683	Rv2703
Rv0683	Rv2710
Rv0683	Rv2783c
Rv0683	Rv2841c
Rv0683	Rv2879c
Rv0683	Rv3109
Rv0683	Rv3211
Rv0683	Rv3596c
Rv0683	Rv3610c
Rv0683	Rv3663c
Rv0684	Rv1999c
Rv0684	Rv2457c
Rv0684	Rv2879c
Rv0684	Rv3010c
Rv0694	Rv1872c
Rv0694	Rv2890c
Rv0700	Rv1551
Rv0700	Rv1630
Rv0700	Rv2038c
Rv0700	Rv2165c
Rv0700	Rv2373c
Rv0700	Rv2397c
Rv0700	Rv2457c
Rv0700	Rv2460c
Rv0700	Rv2461c
Rv0700	Rv2482c
Rv0700	Rv2592c
Rv0700	Rv2861c
Rv0700	Rv2879c
Rv0700	Rv3105c
Rv0700	Rv3211
Rv0700	Rv3398c
Rv0700	Rv3596c
Rv0700	Rv3663c
Rv0701	Rv1297
Rv0701	Rv1551
Rv0701	Rv1641
Rv0701	Rv2165c
Rv0701	Rv2368c
Rv0701	Rv2373c
Rv0701	Rv2457c
Rv0701	Rv2460c
Rv0701	Rv2461c
Rv0701	Rv2482c
Rv0701	Rv2841c
Rv0701	Rv2879c
Rv0701	Rv3211
Rv0701	Rv3398c
Rv0701	Rv3596c
Rv0701	Rv3663c
Rv0705	Rv2783c
Rv0705	Rv3211
Rv0718	Rv1551
Rv0718	Rv2482c
Rv0718	Rv3211
Rv0718	Rv3596c
Rv0752c	Rv0873
Rv0752c	Rv0975c
Rv0752c	Rv3139
Rv0752c	Rv3140
Rv0753c	Rv0768
Rv0753c	Rv1668c
Rv0753c	Rv2462c
Rv0753c	Rv2477c
Rv0757	Rv0903c
Rv0757	Rv1032c
Rv0768	Rv1668c
Rv0768	Rv2462c
Rv0768	Rv2477c
Rv0769	Rv0927c
Rv0769	Rv2855
Rv0769	Rv3010c
Rv0815c	Rv3417c
Rv0864	Rv2904c
Rv0864	Rv3324c
Rv0873	Rv0975c
Rv0873	Rv3139
Rv0873	Rv3140
Rv0903c	Rv1032c
Rv0908	Rv1659
Rv0927c	Rv3010c
Rv0932c	Rv2841c
Rv0952	Rv3211
Rv0975c	Rv3139
Rv0975c	Rv3140
Rv1032c	Rv2879c
Rv1110	Rv3417c
Rv1297	Rv1551
Rv1297	Rv1821
Rv1297	Rv2373c
Rv1297	Rv2460c
Rv1297	Rv2461c
Rv1297	Rv2482c
Rv1297	Rv2592c
Rv1297	Rv2703
Rv1297	Rv2710
Rv1297	Rv2868c
Rv1297	Rv2890c
Rv1297	Rv3240c
Rv1297	Rv3379c
Rv1297	Rv3596c
Rv1384	Rv3211
Rv1392	Rv1821
Rv1392	Rv2215
Rv1392	Rv2373c
Rv1392	Rv2397c
Rv1392	Rv2457c
Rv1392	Rv2460c
Rv1392	Rv2461c
Rv1392	Rv2783c
Rv1392	Rv2879c
Rv1392	Rv3215
Rv1392	Rv3240c
Rv1392	Rv3417c
Rv1551	Rv2482c
Rv1551	Rv2855
Rv1551	Rv2890c
Rv1551	Rv2904c
Rv1551	Rv3211
Rv1551	Rv3443c
Rv1553	Rv1595
Rv1595	Rv3319
Rv1630	Rv1641
Rv1630	Rv2368c
Rv1630	Rv2373c
Rv1630	Rv2462c
Rv1630	Rv2703
Rv1630	Rv2710
Rv1630	Rv2879c
Rv1630	Rv2890c
Rv1630	Rv3211
Rv1630	Rv3596c
Rv1641	Rv1643
Rv1641	Rv1821
Rv1641	Rv2373c
Rv1641	Rv2879c
Rv1641	Rv2904c
Rv1641	Rv3240c
Rv1641	Rv3443c
Rv1643	Rv2368c
Rv1643	Rv2879c
Rv1661	Rv1662
Rv1661	Rv1663
Rv1661	Rv1664
Rv1661	Rv2245
Rv1661	Rv2934
Rv1661	Rv2946c
Rv1662	Rv1663
Rv1662	Rv1664
Rv1662	Rv2245
Rv1662	Rv2934
Rv1662	Rv2946c
Rv1663	Rv1664
Rv1663	Rv2245
Rv1663	Rv2934
Rv1663	Rv2946c
Rv1664	Rv2245
Rv1664	Rv2934
Rv1664	Rv2946c
Rv1668c	Rv2477c
Rv1821	Rv2038c
Rv1821	Rv2368c
Rv1821	Rv2397c
Rv1821	Rv2457c
Rv1821	Rv2460c
Rv1821	Rv2461c
Rv1821	Rv2879c
Rv1821	Rv2890c
Rv1821	Rv3596c
Rv1821	Rv3663c
Rv1837c	Rv3596c
Rv1850	Rv3051c
Rv1872c	Rv2890c
Rv2038c	Rv2397c
Rv2038c	Rv2890c
Rv2038c	Rv3211
Rv2038c	Rv3240c
Rv2038c	Rv3417c
Rv2038c	Rv3596c
Rv2038c	Rv3663c
Rv2040c	Rv2397c
Rv2040c	Rv3663c
Rv2045c	Rv2115c
Rv2045c	Rv3610c
Rv2115c	Rv2373c
Rv2115c	Rv2855
Rv2115c	Rv3610c
Rv2139	Rv3417c
Rv2152c	Rv2890c
Rv2215	Rv2368c
Rv2215	Rv2397c
Rv2215	Rv2879c
Rv2245	Rv2934
Rv2245	Rv2946c
Rv2368c	Rv2855
Rv2368c	Rv2890c
Rv2368c	Rv2904c
Rv2368c	Rv3211
Rv2368c	Rv3240c
Rv2368c	Rv3443c
Rv2368c	Rv3460c
Rv2373c	Rv2397c
Rv2373c	Rv2457c
Rv2373c	Rv2592c
Rv2373c	Rv2833c
Rv2373c	Rv2879c
Rv2373c	Rv2890c
Rv2373c	Rv2904c
Rv2373c	Rv3211
Rv2373c	Rv3313c
Rv2373c	Rv3460c
Rv2373c	Rv3596c
Rv2373c	Rv3610c
Rv2397c	Rv2457c
Rv2397c	Rv2890c
Rv2397c	Rv3211
Rv2397c	Rv3240c
Rv2397c	Rv3379c
Rv2397c	Rv3417c
Rv2397c	Rv3432c
Rv2397c	Rv3596c
Rv2397c	Rv3663c
Rv2457c	Rv2890c
Rv2457c	Rv3148
Rv2457c	Rv3240c
Rv2457c	Rv3417c
Rv2457c	Rv3443c
Rv2457c	Rv3596c
Rv2460c	Rv2461c
Rv2460c	Rv2833c
Rv2460c	Rv2890c
Rv2460c	Rv2904c
Rv2460c	Rv3240c
Rv2460c	Rv3417c
Rv2460c	Rv3443c
Rv2461c	Rv2833c
Rv2461c	Rv2890c
Rv2461c	Rv2904c
Rv2461c	Rv3240c
Rv2461c	Rv3417c
Rv2461c	Rv3443c
Rv2462c	Rv2890c
Rv2482c	Rv2855
Rv2482c	Rv2890c
Rv2482c	Rv2904c
Rv2482c	Rv3211
Rv2482c	Rv3443c
Rv2497c	Rv3417c
Rv2555c	Rv2890c
Rv2592c	Rv2890c
Rv2592c	Rv3417c
Rv2592c	Rv3596c
Rv2703	Rv2710
Rv2703	Rv2841c
Rv2703	Rv2890c
Rv2703	Rv2904c
Rv2710	Rv2841c
Rv2710	Rv2890c
Rv2710	Rv2904c
Rv2783c	Rv2785c
Rv2783c	Rv2879c
Rv2783c	Rv3443c
Rv2783c	Rv3460c
Rv2785c	Rv3211
Rv2841c	Rv2904c
Rv2841c	Rv3417c
Rv2855	Rv2879c
Rv2855	Rv3417c
Rv2855	Rv3610c
Rv2855	Rv3663c
Rv2861c	Rv2890c
Rv2861c	Rv2904c
Rv2861c	Rv3211
Rv2861c	Rv3417c
Rv2861c	Rv3443c
Rv2879c	Rv2890c
Rv2879c	Rv2904c
Rv2879c	Rv3148
Rv2879c	Rv3211
Rv2879c	Rv3240c
Rv2879c	Rv3443c
Rv2879c	Rv3596c
Rv2890c	Rv3105c
Rv2890c	Rv3211
Rv2890c	Rv3240c
Rv2890c	Rv3398c
Rv2890c	Rv3417c
Rv2890c	Rv3596c
Rv2890c	Rv3663c
Rv2904c	Rv3211
Rv2904c	Rv3324c
Rv2934	Rv2946c
Rv3010c	Rv3211
Rv3051c	Rv3211
Rv3109	Rv3417c
Rv3139	Rv3140
Rv3148	Rv3417c
Rv3211	Rv3290c
Rv3211	Rv3329
Rv3211	Rv3443c
Rv3211	Rv3460c
Rv3211	Rv3663c
Rv3211	Rv3664c
Rv3240c	Rv3596c
Rv3240c	Rv3663c
Rv3290c	Rv3329
Rv3379c	Rv3596c
Rv3398c	Rv3443c
Rv3417c	Rv3432c
Rv3417c	Rv3596c
Rv3417c	Rv3663c
Rv3432c	Rv3663c
Rv3443c	Rv3596c
Rv3596c	Rv3663c
Rv2703	Rv0350
Rv0248c	Rv1553
Rv0248c	Rv3319
Rv0350	Rv0384c
Rv0350	Rv0440
Rv0350	Rv2373c
Rv0350	Rv2783c
Rv0350	Rv3596c
Rv0384c	Rv0350
Rv0384c	Rv2460c
Rv0384c	Rv2461c
Rv0440	Rv0350
Rv0440	Rv1392
Rv0440	Rv1650
Rv0641	Rv0718
Rv0683	Rv0684
Rv0684	Rv0683
Rv0684	Rv0700
Rv0684	Rv2890c
Rv0684	Rv3443c
Rv0700	Rv0684
Rv0718	Rv0641
Rv1392	Rv0440
Rv1553	Rv0248c
Rv1650	Rv0440
Rv1650	Rv3417c
Rv1821	Rv3240c
Rv2038c	Rv2040c
Rv2040c	Rv2038c
Rv2215	Rv2855
Rv2373c	Rv0350
Rv2460c	Rv0384c
Rv2460c	Rv3596c
Rv2461c	Rv0384c
Rv2461c	Rv3596c
Rv2496c	Rv2855
Rv2783c	Rv0350
Rv2783c	Rv3211
Rv2855	Rv2215
Rv2855	Rv2496c
Rv2890c	Rv0684
Rv3211	Rv2783c
Rv3240c	Rv1821
Rv3319	Rv0248c
Rv3417c	Rv1650
Rv3443c	Rv0684
Rv3596c	Rv0350
Rv3596c	Rv2460c
Rv3596c	Rv2461c
Rv0700	Rv1641
Rv0701	Rv2462c
Rv0718	Rv1641
Rv1641	Rv0700
Rv1641	Rv0718
Rv1641	Rv2785c
Rv1641	Rv2890c
Rv1643	Rv3443c
Rv2109c	Rv2110c
Rv2110c	Rv2109c
Rv2462c	Rv0701
Rv2785c	Rv1641
Rv2890c	Rv1641
Rv3443c	Rv1643
Rv0005	Rv0006
Rv0006	Rv0005
Rv0350	Rv0352
Rv0352	Rv0350
Rv0639	Rv1297
Rv0641	Rv0701
Rv0641	Rv2890c
Rv0682	Rv0683
Rv0683	Rv0682
Rv0683	Rv1641
Rv0701	Rv0641
Rv0701	Rv2904c
Rv0701	Rv3443c
Rv0705	Rv1641
Rv0705	Rv3460c
Rv0951	Rv0952
Rv0952	Rv0951
Rv1297	Rv0639
Rv1383	Rv1384
Rv1384	Rv1383
Rv1594	Rv1595
Rv1595	Rv1594
Rv1641	Rv0683
Rv1641	Rv0705
Rv1641	Rv3460c
Rv2457c	Rv2460c
Rv2457c	Rv2461c
Rv2460c	Rv2457c
Rv2461c	Rv2457c
Rv2496c	Rv2497c
Rv2497c	Rv2496c
Rv2592c	Rv2593c
Rv2593c	Rv2592c
Rv2890c	Rv0641
Rv2904c	Rv0701
Rv3443c	Rv0701
Rv3460c	Rv0705
Rv3460c	Rv1641
Rv0022c	Rv1469
Rv0022c	Rv3451
Rv0022c	Rv3492c
Rv0023	Rv0006
Rv0023	Rv0173
Rv0023	Rv0412c
Rv0023	Rv0657c
Rv0023	Rv0961
Rv0023	Rv1221
Rv0023	Rv1503c
Rv0023	Rv1805c
Rv0023	Rv1954c
Rv0023	Rv1986
Rv0023	Rv1994c
Rv0023	Rv2107
Rv0023	Rv2640c
Rv0023	Rv3150
Rv0023	Rv3252c
Rv0023	Rv3269
Rv0023	Rv3290c
Rv0023	Rv3526
Rv0023	Rv3868
Rv0023	Rv3876
Rv0135c	Rv2204c
Rv0135c	Rv3312A
Rv0238	Rv3030
Rv0238	Rv3139
Rv0302	Rv0807
Rv0324	Rv0034
Rv0324	Rv0097
Rv0324	Rv0331
Rv0324	Rv0632c
Rv0324	Rv1754c
Rv0324	Rv1936
Rv0324	Rv1986
Rv0324	Rv1994c
Rv0324	Rv2367c
Rv0324	Rv2412
Rv0324	Rv3219
Rv0324	Rv3269
Rv0324	Rv3290c
Rv0324	Rv3406
Rv0324	Rv3503c
Rv0324	Rv3574
Rv0465c	Rv0929
Rv0465c	Rv3139
Rv0472c	Rv0824c
Rv0472c	Rv1094
Rv0472c	Rv1177
Rv0757	Rv0821c
Rv0757	Rv1102c
Rv0757	Rv1103c
Rv0757	Rv1517
Rv0757	Rv2289
Rv0757	Rv2391
Rv0757	Rv3197
Rv0757	Rv3312A
Rv0757	Rv3767c
Rv0767c	Rv0217c
Rv0767c	Rv0903c
Rv0767c	Rv2050
Rv0767c	Rv3197
Rv1049	Rv0549c
Rv1049	Rv0730
Rv1049	Rv1177
Rv1049	Rv1986
Rv1404	Rv1386
Rv1719	Rv3067
Rv1846c	Rv1451
Rv1956	Rv1954c
Rv1994c	Rv0077c
Rv1994c	Rv0318c
Rv1994c	Rv1986
Rv2009	Rv2010
Rv2011c	Rv0472c
Rv2011c	Rv0757
Rv2011c	Rv0774c
Rv2011c	Rv2012
Rv2011c	Rv3076
Rv2017	Rv2016
Rv2887	Rv2964
Rv2912c	Rv2913c
Rv3249c	Rv0097
Rv3249c	Rv0634c
Rv3249c	Rv2107
Rv3249c	Rv2108
Rv3249c	Rv2887
Rv3249c	Rv3252c
Rv3249c	Rv3554
Rv3574	Rv1960c
Rv3574	Rv2556c
Rv3574	Rv3371
Rv3574	Rv3537
Rv3681c	Rv0757
Rv3862c	Rv3872
Rv3862c	Rv3881c
Rv0022c	Rv0350
Rv0022c	Rv0351
Rv0022c	Rv0474
Rv0022c	Rv0592
Rv0022c	Rv0593
Rv0022c	Rv0700
Rv0022c	Rv0701
Rv0022c	Rv0790c
Rv0022c	Rv0791c
Rv0022c	Rv0792c
Rv0022c	Rv1217c
Rv0022c	Rv2011c
Rv0022c	Rv3160c
Rv0022c	Rv3161c
Rv0022c	Rv3249c
Rv0022c	Rv3251c
Rv0022c	Rv3252c
Rv0022c	Rv3290c
Rv0022c	Rv3504
Rv0022c	Rv3578
Rv0022c	Rv3597c
Rv0135c	Rv0350
Rv0135c	Rv0351
Rv0135c	Rv0768
Rv0135c	Rv0839
Rv0135c	Rv1515c
Rv0135c	Rv1516c
Rv0135c	Rv1702c
Rv0135c	Rv2011c
Rv0135c	Rv2641
Rv0135c	Rv3175
Rv0135c	Rv3290c
Rv0135c	Rv3831
Rv0144	Rv0094c
Rv0144	Rv0350
Rv0144	Rv0351
Rv0144	Rv0474
Rv0144	Rv0768
Rv0144	Rv1217c
Rv0144	Rv1297
Rv0144	Rv1702c
Rv0144	Rv1715
Rv0144	Rv1716
Rv0144	Rv1717
Rv0144	Rv2641
Rv0144	Rv2930
Rv0144	Rv2934
Rv0144	Rv2937
Rv0144	Rv3290c
Rv0144	Rv3394c
Rv0144	Rv3504
Rv0144	Rv3597c
Rv0144	Rv3879c
Rv0196	Rv0440
Rv0196	Rv0474
Rv0196	Rv0672
Rv0196	Rv0673
Rv0196	Rv0700
Rv0196	Rv0701
Rv0196	Rv0888
Rv0196	Rv1217c
Rv0196	Rv1702c
Rv0196	Rv2011c
Rv0196	Rv3160c
Rv0196	Rv3161c
Rv0196	Rv3290c
Rv0238	Rv0474
Rv0238	Rv1217c
Rv0238	Rv1702c
Rv0238	Rv2011c
Rv0238	Rv2516c
Rv0238	Rv2517c
Rv0238	Rv3160c
Rv0238	Rv3161c
Rv0238	Rv3290c
Rv0260c	Rv0700
Rv0260c	Rv0701
Rv0260c	Rv1217c
Rv0260c	Rv1702c
Rv0260c	Rv1715
Rv0260c	Rv1716
Rv0260c	Rv1717
Rv0260c	Rv2011c
Rv0260c	Rv2516c
Rv0260c	Rv2517c
Rv0260c	Rv2641
Rv0260c	Rv3160c
Rv0260c	Rv3161c
Rv0260c	Rv3504
Rv0260c	Rv3597c
Rv0275c	Rv0331
Rv0275c	Rv0350
Rv0275c	Rv0351
Rv0275c	Rv0440
Rv0275c	Rv0700
Rv0275c	Rv0701
Rv0275c	Rv0751c
Rv0275c	Rv0752c
Rv0275c	Rv0753c
Rv0275c	Rv0839
Rv0275c	Rv1297
Rv0275c	Rv1517
Rv0275c	Rv1518
Rv0275c	Rv1936
Rv0275c	Rv2011c
Rv0275c	Rv2516c
Rv0275c	Rv2517c
Rv0275c	Rv2640c
Rv0275c	Rv3175
Rv0275c	Rv3290c
Rv0275c	Rv3504
Rv0275c	Rv3515c
Rv0275c	Rv3597c
Rv0302	Rv0077c
Rv0302	Rv0118c
Rv0302	Rv0980c
Rv0302	Rv2516c
Rv0302	Rv2517c
Rv0302	Rv3290c
Rv0302	Rv3597c
Rv0324	Rv0282
Rv0324	Rv0283
Rv0324	Rv0350
Rv0324	Rv0351
Rv0324	Rv0672
Rv0324	Rv0673
Rv0324	Rv0700
Rv0324	Rv0701
Rv0324	Rv0768
Rv0324	Rv0824c
Rv0324	Rv1217c
Rv0324	Rv1702c
Rv0324	Rv2011c
Rv0324	Rv3504
Rv0324	Rv3578
Rv0324	Rv3831
Rv0328	Rv0824c
Rv0328	Rv1049
Rv0328	Rv1217c
Rv0328	Rv1355c
Rv0328	Rv3160c
Rv0328	Rv3161c
Rv0328	Rv3269
Rv0328	Rv3270
Rv0353	Rv1073
Rv0353	Rv1217c
Rv0353	Rv2641
Rv0353	Rv3160c
Rv0353	Rv3161c
Rv0377	Rv0022c
Rv0377	Rv0331
Rv0377	Rv0700
Rv0377	Rv0701
Rv0377	Rv1217c
Rv0377	Rv1297
Rv0377	Rv1560
Rv0377	Rv1702c
Rv0377	Rv1715
Rv0377	Rv1716
Rv0377	Rv1717
Rv0377	Rv1994c
Rv0377	Rv2011c
Rv0377	Rv2516c
Rv0377	Rv2517c
Rv0377	Rv3160c
Rv0377	Rv3161c
Rv0377	Rv3269
Rv0377	Rv3270
Rv0377	Rv3290c
Rv0377	Rv3394c
Rv0377	Rv3504
Rv0377	Rv3597c
Rv0472c	Rv0350
Rv0472c	Rv0351
Rv0472c	Rv0474
Rv0472c	Rv0672
Rv0472c	Rv0673
Rv0472c	Rv1217c
Rv0472c	Rv1297
Rv0472c	Rv2011c
Rv0472c	Rv2641
Rv0472c	Rv3175
Rv0472c	Rv3290c
Rv0472c	Rv3504
Rv0474	Rv0077c
Rv0474	Rv0123
Rv0474	Rv0672
Rv0474	Rv0673
Rv0474	Rv0768
Rv0474	Rv0824c
Rv0474	Rv0839
Rv0474	Rv1217c
Rv0474	Rv1936
Rv0474	Rv1994c
Rv0474	Rv2011c
Rv0474	Rv2642
Rv0474	Rv2643
Rv0474	Rv3160c
Rv0474	Rv3161c
Rv0474	Rv3290c
Rv0474	Rv3504
Rv0474	Rv3831
Rv0485	Rv0331
Rv0485	Rv0700
Rv0485	Rv0701
Rv0485	Rv0768
Rv0485	Rv1217c
Rv0485	Rv1297
Rv0485	Rv1642
Rv0485	Rv2011c
Rv0485	Rv3269
Rv0485	Rv3270
Rv0485	Rv3597c
Rv0602c	Rv0350
Rv0602c	Rv0351
Rv0602c	Rv1217c
Rv0602c	Rv1702c
Rv0602c	Rv2011c
Rv0602c	Rv2516c
Rv0602c	Rv2517c
Rv0602c	Rv3290c
Rv0650	Rv0700
Rv0650	Rv0701
Rv0650	Rv0768
Rv0650	Rv0790c
Rv0650	Rv0791c
Rv0650	Rv0792c
Rv0650	Rv0824c
Rv0650	Rv1217c
Rv0650	Rv2011c
Rv0650	Rv2560
Rv0650	Rv3290c
Rv0650	Rv3504
Rv0757	Rv0123
Rv0757	Rv0169
Rv0757	Rv0173
Rv0757	Rv0253
Rv0757	Rv1217c
Rv0757	Rv1514c
Rv0757	Rv1702c
Rv0757	Rv2641
Rv0757	Rv3160c
Rv0757	Rv3161c
Rv0757	Rv3504
Rv0757	Rv3569c
Rv0757	Rv3570c
Rv0757	Rv3578
Rv0792c	Rv0440
Rv0792c	Rv0824c
Rv0792c	Rv1217c
Rv0792c	Rv2516c
Rv0792c	Rv2517c
Rv0792c	Rv3061c
Rv0792c	Rv3175
Rv0792c	Rv3504
Rv0821c	Rv0077c
Rv0821c	Rv0328
Rv0821c	Rv1000c
Rv0821c	Rv1217c
Rv0821c	Rv1821
Rv0821c	Rv2011c
Rv0821c	Rv2641
Rv0821c	Rv3160c
Rv0821c	Rv3161c
Rv0821c	Rv3804c
Rv0823c	Rv0077c
Rv0823c	Rv0331
Rv0823c	Rv0350
Rv0823c	Rv0351
Rv0823c	Rv0592
Rv0823c	Rv0593
Rv0823c	Rv1217c
Rv0823c	Rv1702c
Rv0823c	Rv2011c
Rv0823c	Rv3160c
Rv0823c	Rv3161c
Rv0823c	Rv3249c
Rv0823c	Rv3251c
Rv0823c	Rv3252c
Rv0823c	Rv3290c
Rv0823c	Rv3394c
Rv0823c	Rv3597c
Rv0891c	Rv0350
Rv0891c	Rv0351
Rv0891c	Rv0700
Rv0891c	Rv0701
Rv0891c	Rv0790c
Rv0891c	Rv0791c
Rv0891c	Rv0792c
Rv0891c	Rv1049
Rv0891c	Rv1217c
Rv0891c	Rv1297
Rv0891c	Rv2516c
Rv0891c	Rv2517c
Rv0891c	Rv2641
Rv0894	Rv0022c
Rv0894	Rv0350
Rv0894	Rv0351
Rv0894	Rv0672
Rv0894	Rv0673
Rv0894	Rv0700
Rv0894	Rv0701
Rv0894	Rv0824c
Rv0894	Rv1217c
Rv0894	Rv1297
Rv0894	Rv1702c
Rv0894	Rv2011c
Rv0894	Rv2516c
Rv0894	Rv2517c
Rv0894	Rv3160c
Rv0894	Rv3161c
Rv0894	Rv3269
Rv0894	Rv3270
Rv0894	Rv3290c
Rv0894	Rv3504
Rv0894	Rv3597c
Rv1049	Rv0077c
Rv1049	Rv0350
Rv1049	Rv0351
Rv1049	Rv0474
Rv1049	Rv0768
Rv1049	Rv0790c
Rv1049	Rv0791c
Rv1049	Rv0792c
Rv1049	Rv1217c
Rv1049	Rv2011c
Rv1049	Rv3504
Rv1049	Rv3597c
Rv1221	Rv0350
Rv1221	Rv0351
Rv1221	Rv0474
Rv1221	Rv1217c
Rv1221	Rv1702c
Rv1221	Rv2011c
Rv1221	Rv3290c
Rv1221	Rv3504
Rv1267c	Rv0328
Rv1267c	Rv0350
Rv1267c	Rv0351
Rv1267c	Rv1049
Rv1267c	Rv1244
Rv1267c	Rv1297
Rv1267c	Rv1514c
Rv1267c	Rv1921c
Rv1267c	Rv2011c
Rv1267c	Rv2560
Rv1267c	Rv2641
Rv1267c	Rv3290c
Rv1267c	Rv3597c
Rv1267c	Rv3839
Rv1267c	Rv3841
Rv1332	Rv0077c
Rv1332	Rv0328
Rv1332	Rv0350
Rv1332	Rv0351
Rv1332	Rv0474
Rv1332	Rv0672
Rv1332	Rv0673
Rv1332	Rv0768
Rv1332	Rv0824c
Rv1332	Rv0839
Rv1332	Rv1049
Rv1332	Rv1217c
Rv1332	Rv1297
Rv1332	Rv1702c
Rv1332	Rv2011c
Rv1332	Rv2115c
Rv1332	Rv2641
Rv1332	Rv3269
Rv1332	Rv3270
Rv1332	Rv3290c
Rv1332	Rv3394c
Rv1332	Rv3597c
Rv1358	Rv0592
Rv1358	Rv0593
Rv1358	Rv1217c
Rv1358	Rv2011c
Rv1358	Rv2516c
Rv1358	Rv2517c
Rv1358	Rv2641
Rv1358	Rv3160c
Rv1358	Rv3161c
Rv1358	Rv3249c
Rv1358	Rv3251c
Rv1358	Rv3252c
Rv1358	Rv3269
Rv1358	Rv3270
Rv1358	Rv3290c
Rv1358	Rv3504
Rv1358	Rv3597c
Rv1404	Rv0077c
Rv1404	Rv0672
Rv1404	Rv0673
Rv1404	Rv0790c
Rv1404	Rv0791c
Rv1404	Rv0792c
Rv1404	Rv1217c
Rv1404	Rv1702c
Rv1404	Rv2011c
Rv1404	Rv3269
Rv1404	Rv3270
Rv1404	Rv3597c
Rv1453	Rv0077c
Rv1453	Rv0328
Rv1453	Rv0350
Rv1453	Rv0351
Rv1453	Rv0700
Rv1453	Rv0701
Rv1453	Rv0824c
Rv1453	Rv1049
Rv1453	Rv1217c
Rv1453	Rv1297
Rv1453	Rv1515c
Rv1453	Rv1516c
Rv1453	Rv1702c
Rv1453	Rv2516c
Rv1453	Rv2517c
Rv1453	Rv2641
Rv1453	Rv3269
Rv1453	Rv3270
Rv1453	Rv3290c
Rv1453	Rv3504
Rv1453	Rv3569c
Rv1453	Rv3570c
Rv1453	Rv3597c
Rv1453	Rv3839
Rv1460	Rv0350
Rv1460	Rv0351
Rv1460	Rv0672
Rv1460	Rv0673
Rv1460	Rv0700
Rv1460	Rv0701
Rv1460	Rv0768
Rv1460	Rv1049
Rv1460	Rv1217c
Rv1460	Rv1872c
Rv1460	Rv1936
Rv1460	Rv2011c
Rv1460	Rv2516c
Rv1460	Rv2517c
Rv1460	Rv3290c
Rv1460	Rv3394c
Rv1460	Rv3504
Rv1460	Rv3597c
Rv1474c	Rv0328
Rv1474c	Rv0331
Rv1474c	Rv1217c
Rv1474c	Rv1982c
Rv1474c	Rv2011c
Rv1474c	Rv3597c
Rv1474c	Rv3839
Rv1479	Rv0672
Rv1479	Rv0673
Rv1479	Rv1049
Rv1479	Rv1297
Rv1479	Rv1397c
Rv1479	Rv1398c
Rv1479	Rv1515c
Rv1479	Rv1516c
Rv1479	Rv1936
Rv1479	Rv2516c
Rv1479	Rv2517c
Rv1479	Rv2841c
Rv1479	Rv2842c
Rv1479	Rv3076
Rv1479	Rv3175
Rv1479	Rv3290c
Rv1479	Rv3504
Rv1479	Rv3770A
Rv1479	Rv3839
Rv1479	Rv3841
Rv1675c	Rv0022c
Rv1675c	Rv0282
Rv1675c	Rv0283
Rv1675c	Rv0350
Rv1675c	Rv0351
Rv1675c	Rv0474
Rv1675c	Rv0824c
Rv1675c	Rv1217c
Rv1675c	Rv1702c
Rv1675c	Rv1936
Rv1675c	Rv3175
Rv1675c	Rv3219
Rv1675c	Rv3269
Rv1675c	Rv3270
Rv1675c	Rv3290c
Rv1675c	Rv3569c
Rv1675c	Rv3570c
Rv1675c	Rv3841
Rv1719	Rv0672
Rv1719	Rv0673
Rv1719	Rv0839
Rv1719	Rv1297
Rv1719	Rv1702c
Rv1719	Rv2011c
Rv1719	Rv2641
Rv1719	Rv3290c
Rv1719	Rv3890c
Rv1956	Rv0282
Rv1956	Rv0283
Rv1956	Rv0474
Rv1956	Rv0700
Rv1956	Rv0701
Rv1956	Rv0768
Rv1956	Rv0824c
Rv1956	Rv1049
Rv1956	Rv1217c
Rv1956	Rv1297
Rv1956	Rv1715
Rv1956	Rv1716
Rv1956	Rv1717
Rv1956	Rv2516c
Rv1956	Rv2517c
Rv1956	Rv2641
Rv1956	Rv3175
Rv1956	Rv3290c
Rv1956	Rv3504
Rv1956	Rv3597c
Rv1956	Rv3839
Rv1994c	Rv0022c
Rv1994c	Rv0217c
Rv1994c	Rv0672
Rv1994c	Rv0673
Rv1994c	Rv0700
Rv1994c	Rv0701
Rv1994c	Rv0768
Rv1994c	Rv1049
Rv1994c	Rv1297
Rv1994c	Rv1702c
Rv1994c	Rv1715
Rv1994c	Rv1716
Rv1994c	Rv1717
Rv1994c	Rv1872c
Rv1994c	Rv1936
Rv1994c	Rv2846c
Rv1994c	Rv3290c
Rv1994c	Rv3504
Rv1994c	Rv3526
Rv1994c	Rv3527
Rv1994c	Rv3578
Rv1994c	Rv3597c
Rv1994c	Rv3831
Rv1994c	Rv3841
Rv2017	Rv0108c
Rv2017	Rv0282
Rv2017	Rv0283
Rv2017	Rv0328
Rv2017	Rv0331
Rv2017	Rv0350
Rv2017	Rv0351
Rv2017	Rv0855
Rv2017	Rv0927c
Rv2017	Rv1013
Rv2017	Rv2011c
Rv2017	Rv3175
Rv2017	Rv3290c
Rv2017	Rv3504
Rv2017	Rv3578
Rv2017	Rv3839
Rv2282c	Rv1051c
Rv2282c	Rv2115c
Rv2282c	Rv2556c
Rv2374c	Rv0077c
Rv2374c	Rv0790c
Rv2374c	Rv0791c
Rv2374c	Rv0792c
Rv2374c	Rv0824c
Rv2374c	Rv0908
Rv2374c	Rv1217c
Rv2374c	Rv1297
Rv2374c	Rv1715
Rv2374c	Rv1716
Rv2374c	Rv1717
Rv2374c	Rv2011c
Rv2374c	Rv3160c
Rv2374c	Rv3161c
Rv2374c	Rv3290c
Rv2640c	Rv0328
Rv2640c	Rv0350
Rv2640c	Rv0351
Rv2640c	Rv0672
Rv2640c	Rv0673
Rv2640c	Rv0768
Rv2640c	Rv1049
Rv2640c	Rv1217c
Rv2640c	Rv2011c
Rv2640c	Rv2516c
Rv2640c	Rv2517c
Rv2640c	Rv2641
Rv2640c	Rv3175
Rv2640c	Rv3269
Rv2640c	Rv3270
Rv2640c	Rv3290c
Rv2640c	Rv3504
Rv2640c	Rv3597c
Rv2640c	Rv3831
Rv2642	Rv0096
Rv2642	Rv0097
Rv2642	Rv0099
Rv2642	Rv0100
Rv2642	Rv0282
Rv2642	Rv0283
Rv2642	Rv0592
Rv2642	Rv0593
Rv2642	Rv0700
Rv2642	Rv0701
Rv2642	Rv1217c
Rv2642	Rv1702c
Rv2642	Rv2011c
Rv2642	Rv2641
Rv2642	Rv3249c
Rv2642	Rv3251c
Rv2642	Rv3252c
Rv2642	Rv3290c
Rv2642	Rv3504
Rv2642	Rv3597c
Rv2703	Rv0077c
Rv2703	Rv0351
Rv2703	Rv0474
Rv2703	Rv0768
Rv2703	Rv0824c
Rv2703	Rv1217c
Rv2703	Rv1702c
Rv2703	Rv2011c
Rv2703	Rv3504
Rv2703	Rv3597c
Rv2703	Rv3831
Rv2710	Rv0077c
Rv2710	Rv1217c
Rv2710	Rv2011c
Rv2710	Rv2516c
Rv2710	Rv2517c
Rv2710	Rv3160c
Rv2710	Rv3161c
Rv2710	Rv3262
Rv2710	Rv3290c
Rv2710	Rv3313c
Rv2710	Rv3315c
Rv2710	Rv3504
Rv2710	Rv3597c
Rv2711	Rv0022c
Rv2711	Rv0068
Rv2711	Rv0118c
Rv2711	Rv0328
Rv2711	Rv0596c
Rv2711	Rv0700
Rv2711	Rv0701
Rv2711	Rv0768
Rv2711	Rv0790c
Rv2711	Rv0791c
Rv2711	Rv0792c
Rv2711	Rv1297
Rv2711	Rv1311
Rv2711	Rv2011c
Rv2711	Rv3146
Rv2711	Rv3148
Rv2711	Rv3149
Rv2711	Rv3150
Rv2711	Rv3160c
Rv2711	Rv3161c
Rv2711	Rv3175
Rv2711	Rv3219
Rv2711	Rv3290c
Rv2711	Rv3831
Rv2745c	Rv0077c
Rv2745c	Rv0592
Rv2745c	Rv0593
Rv2745c	Rv0700
Rv2745c	Rv0701
Rv2745c	Rv0790c
Rv2745c	Rv0791c
Rv2745c	Rv0792c
Rv2745c	Rv0824c
Rv2745c	Rv1217c
Rv2745c	Rv1702c
Rv2745c	Rv2011c
Rv2745c	Rv2516c
Rv2745c	Rv2517c
Rv2745c	Rv3160c
Rv2745c	Rv3161c
Rv2745c	Rv3249c
Rv2745c	Rv3251c
Rv2745c	Rv3252c
Rv2745c	Rv3290c
Rv2745c	Rv3597c
Rv2887	Rv0022c
Rv2887	Rv1217c
Rv2887	Rv3290c
Rv2887	Rv3578
Rv2887	Rv3839
Rv2912c	Rv0077c
Rv2912c	Rv0790c
Rv2912c	Rv0791c
Rv2912c	Rv0792c
Rv2912c	Rv0824c
Rv2912c	Rv1217c
Rv2912c	Rv1715
Rv2912c	Rv1716
Rv2912c	Rv1717
Rv2912c	Rv3160c
Rv2912c	Rv3161c
Rv2912c	Rv3269
Rv2912c	Rv3270
Rv2912c	Rv3290c
Rv3055	Rv0282
Rv3055	Rv0283
Rv3055	Rv1217c
Rv3055	Rv2011c
Rv3055	Rv2516c
Rv3055	Rv2517c
Rv3060c	Rv0077c
Rv3060c	Rv0592
Rv3060c	Rv0593
Rv3060c	Rv0672
Rv3060c	Rv0673
Rv3060c	Rv0700
Rv3060c	Rv0701
Rv3060c	Rv0768
Rv3060c	Rv0790c
Rv3060c	Rv0791c
Rv3060c	Rv0792c
Rv3060c	Rv0824c
Rv3060c	Rv1217c
Rv3060c	Rv1297
Rv3060c	Rv1515c
Rv3060c	Rv1516c
Rv3060c	Rv1702c
Rv3060c	Rv1715
Rv3060c	Rv1716
Rv3060c	Rv1717
Rv3060c	Rv2011c
Rv3060c	Rv2516c
Rv3060c	Rv2517c
Rv3060c	Rv3249c
Rv3060c	Rv3251c
Rv3060c	Rv3252c
Rv3060c	Rv3290c
Rv3060c	Rv3597c
Rv3095	Rv1217c
Rv3095	Rv1625c
Rv3095	Rv2641
Rv3143	Rv0350
Rv3143	Rv0351
Rv3143	Rv0672
Rv3143	Rv0673
Rv3143	Rv0824c
Rv3143	Rv1049
Rv3143	Rv1217c
Rv3143	Rv1297
Rv3143	Rv1702c
Rv3143	Rv1926c
Rv3143	Rv3175
Rv3143	Rv3290c
Rv3143	Rv3418c
Rv3143	Rv3504
Rv3143	Rv3597c
Rv3143	Rv3841
Rv3160c	Rv0700
Rv3160c	Rv0701
Rv3160c	Rv0768
Rv3173c	Rv0253
Rv3173c	Rv0790c
Rv3173c	Rv0791c
Rv3173c	Rv0792c
Rv3173c	Rv1217c
Rv3173c	Rv1702c
Rv3173c	Rv1872c
Rv3173c	Rv2011c
Rv3173c	Rv2641
Rv3219	Rv0077c
Rv3219	Rv0331
Rv3219	Rv0474
Rv3219	Rv0672
Rv3219	Rv0673
Rv3219	Rv0790c
Rv3219	Rv0791c
Rv3219	Rv0792c
Rv3219	Rv0839
Rv3219	Rv1217c
Rv3219	Rv1702c
Rv3219	Rv1715
Rv3219	Rv1716
Rv3219	Rv1717
Rv3219	Rv2011c
Rv3219	Rv2709
Rv3219	Rv3160c
Rv3219	Rv3161c
Rv3219	Rv3597c
Rv3219	Rv3831
Rv3249c	Rv2011c
Rv3249c	Rv3290c
Rv3249c	Rv3597c
Rv3405c	Rv0768
Rv3405c	Rv1217c
Rv3405c	Rv2011c
Rv3405c	Rv3175
Rv3405c	Rv3290c
Rv3405c	Rv3597c
Rv3557c	Rv0077c
Rv3557c	Rv1217c
Rv3557c	Rv2011c
Rv3557c	Rv2703
Rv3557c	Rv3160c
Rv3557c	Rv3161c
Rv3575c	Rv0282
Rv3575c	Rv0283
Rv3575c	Rv0350
Rv3575c	Rv0351
Rv3575c	Rv0700
Rv3575c	Rv0701
Rv3575c	Rv0730
Rv3575c	Rv1217c
Rv3575c	Rv2011c
Rv3575c	Rv2516c
Rv3575c	Rv2517c
Rv3575c	Rv3269
Rv3575c	Rv3270
Rv3575c	Rv3290c
Rv3575c	Rv3504
Rv3575c	Rv3516
Rv3575c	Rv3597c
Rv3575c	Rv3698
Rv3575c	Rv3831
Rv3575c	Rv3839
Rv3583c	Rv0077c
Rv3583c	Rv0672
Rv3583c	Rv0673
Rv3583c	Rv0700
Rv3583c	Rv0701
Rv3583c	Rv0768
Rv3583c	Rv1217c
Rv3583c	Rv1297
Rv3583c	Rv1642
Rv3583c	Rv1702c
Rv3583c	Rv2011c
Rv3583c	Rv2276
Rv3583c	Rv2494
Rv3583c	Rv2556c
Rv3583c	Rv2737A
Rv3583c	Rv3290c
Rv3583c	Rv3504
Rv3583c	Rv3569c
Rv3583c	Rv3570c
Rv3583c	Rv3597c
Rv3583c	Rv3632
Rv3648c	Rv0328
Rv3648c	Rv1702c
Rv3648c	Rv2011c
Rv3648c	Rv3290c
Rv3681c	Rv0077c
Rv3681c	Rv0118c
Rv3681c	Rv0350
Rv3681c	Rv0351
Rv3681c	Rv0672
Rv3681c	Rv0673
Rv3681c	Rv0768
Rv3681c	Rv0824c
Rv3681c	Rv1049
Rv3681c	Rv1217c
Rv3681c	Rv1297
Rv3681c	Rv1702c
Rv3681c	Rv2011c
Rv3681c	Rv3290c
Rv3681c	Rv3504
Rv3681c	Rv3569c
Rv3681c	Rv3570c
Rv3692	Rv0349
Rv3692	Rv0350
Rv3692	Rv0351
Rv3692	Rv0839
Rv3692	Rv1217c
Rv3692	Rv2011c
Rv3692	Rv3290c
Rv3692	Rv3504
Rv3692	Rv3597c
Rv3692	Rv3841
Rv3692	Rv3912
Rv3855	Rv0350
Rv3855	Rv0351
Rv3855	Rv1217c
Rv3855	Rv1244
Rv3855	Rv3064c
Rv3855	Rv3290c
Rv3855	Rv3329
Rv3855	Rv3597c
Rv3862c	Rv0440
Rv3862c	Rv1217c
Rv3862c	Rv2011c
Rv3862c	Rv3290c
Rv3862c	Rv3504
Rv0005	Rv1580c
Rv0015c	Rv2245
Rv0020c	Rv0358
Rv0020c	Rv1177
Rv0020c	Rv3352c
Rv0022c	Rv0657c
Rv0022c	Rv2946c
Rv0022c	Rv3235
Rv0022c	Rv3845
Rv0027	Rv0471c
Rv0027	Rv0608
Rv0027	Rv0705
Rv0027	Rv0850
Rv0027	Rv0930
Rv0027	Rv1355c
Rv0027	Rv2026c
Rv0027	Rv2086
Rv0027	Rv2540c
Rv0027	Rv3263
Rv0027	Rv3824c
Rv0056	Rv0798c
Rv0056	Rv1402
Rv0056	Rv2412
Rv0056	Rv2890c
Rv0065	Rv2710
Rv0068	Rv1585c
Rv0071	Rv1744c
Rv0096	Rv3373
Rv0097	Rv3393
Rv0100	Rv1390
Rv0105c	Rv0901
Rv0105c	Rv2477c
Rv0108c	Rv3840
Rv0132c	Rv0850
Rv0132c	Rv2292c
Rv0144	Rv2367c
Rv0145	Rv1155
Rv0145	Rv3840
Rv0150c	Rv1873
Rv0152c	Rv0657c
Rv0159c	Rv1596
Rv0160c	Rv0637
Rv0160c	Rv0927c
Rv0160c	Rv1358
Rv0173	Rv2292c
Rv0216	Rv0300
Rv0216	Rv2256c
Rv0216	Rv3366
Rv0224c	Rv0251c
Rv0224c	Rv0573c
Rv0224c	Rv1331
Rv0229c	Rv1518
Rv0229c	Rv2010
Rv0239	Rv0709
Rv0239	Rv2110c
Rv0250c	Rv0649
Rv0251c	Rv0641
Rv0251c	Rv0642c
Rv0251c	Rv3141
Rv0281	Rv0583c
Rv0282	Rv3855
Rv0292	Rv2871
Rv0304c	Rv2071c
Rv0329c	Rv0353
Rv0340	Rv1221
Rv0340	Rv2160c
Rv0349	Rv1680
Rv0351	Rv0358
Rv0351	Rv1666c
Rv0351	Rv2292c
Rv0351	Rv2546
Rv0360c	Rv2970A
Rv0362	Rv1960c
Rv0377	Rv3412
Rv0378	Rv1088
Rv0378	Rv2710
Rv0382c	Rv3638
Rv0383c	Rv2810c
Rv0402c	Rv1873
Rv0402c	Rv2108
Rv0440	Rv1088
Rv0440	Rv1188
Rv0469	Rv0893c
Rv0469	Rv2851c
Rv0471c	Rv0863
Rv0474	Rv1664
Rv0474	Rv2507
Rv0475	Rv2494
Rv0483	Rv3283
Rv0485	Rv1873
Rv0516c	Rv0634B
Rv0516c	Rv1386
Rv0516c	Rv3866
Rv0519c	Rv1474c
Rv0519c	Rv2139
Rv0519c	Rv2601
Rv0519c	Rv3648c
Rv0519c	Rv3855
Rv0540	Rv2256c
Rv0540	Rv3840
Rv0559c	Rv3041c
Rv0573c	Rv3243c
Rv0581	Rv2016
Rv0581	Rv2267c
Rv0581	Rv3351c
Rv0584	Rv3032
Rv0600c	Rv0753c
Rv0600c	Rv2986c
Rv0600c	Rv3393
Rv0601c	Rv1221
Rv0601c	Rv2822c
Rv0608	Rv0609
Rv0609	Rv1804c
Rv0614	Rv1332
Rv0614	Rv1537
Rv0619	Rv2412
Rv0619	Rv2599
Rv0623	Rv1906c
Rv0632c	Rv1174c
Rv0634A	Rv1873
Rv0634A	Rv2861c
Rv0634B	Rv0679c
Rv0635	Rv0790c
Rv0635	Rv3088
Rv0635	Rv3269
Rv0637	Rv2012
Rv0637	Rv3387
Rv0637	Rv3451
Rv0638	Rv3327
Rv0640	Rv2003c
Rv0649	Rv1155
Rv0650	Rv3516
Rv0659c	Rv2804c
Rv0660c	Rv3923c
Rv0705	Rv1155
Rv0705	Rv2250A
Rv0705	Rv2318
Rv0705	Rv2658c
Rv0705	Rv2730
Rv0709	Rv2670c
Rv0709	Rv2890c
Rv0727c	Rv2366c
Rv0751c	Rv2785c
Rv0753c	Rv1970
Rv0753c	Rv2029c
Rv0753c	Rv2658c
Rv0753c	Rv3067
Rv0753c	Rv3874
Rv0757	Rv0847
Rv0769	Rv3252c
Rv0787	Rv2588c
Rv0790c	Rv1681
Rv0790c	Rv1957
Rv0790c	Rv2109c
Rv0790c	Rv3855
Rv0791c	Rv3140
Rv0826	Rv3387
Rv0850	Rv2830c
Rv0850	Rv3385c
Rv0858c	Rv0974c
Rv0863	Rv1013
Rv0863	Rv3767c
Rv0864	Rv2178c
Rv0864	Rv3698
Rv0873	Rv3327
Rv0888	Rv3387
Rv0898c	Rv2576c
Rv0901	Rv3366
Rv0903c	Rv3412
Rv0905	Rv3352c
Rv0921	Rv2602
Rv0921	Rv2710
Rv0923c	Rv3555c
Rv0930	Rv1628c
Rv0932c	Rv1155
Rv0932c	Rv1273c
Rv0932c	Rv1517
Rv0932c	Rv3067
Rv0932c	Rv3353c
Rv0951	Rv2109c
Rv0976c	Rv2730
Rv0979c	Rv1870c
Rv0980c	Rv2261c
Rv0984	Rv1118c
Rv1013	Rv1804c
Rv1025	Rv2397c
Rv1039c	Rv3192
Rv1040c	Rv1717
Rv1087A	Rv3600c
Rv1125	Rv1411c
Rv1134	Rv2546
Rv1155	Rv2029c
Rv1155	Rv2966c
Rv1155	Rv3182
Rv1158c	Rv1727
Rv1174c	Rv1518
Rv1174c	Rv1588c
Rv1177	Rv3110
Rv1179c	Rv2546
Rv1190	Rv2412
Rv1192	Rv1960c
Rv1192	Rv2110c
Rv1192	Rv2534c
Rv1225c	Rv2970A
Rv1225c	Rv3371
Rv1225c	Rv3649
Rv1246c	Rv2865
Rv1246c	Rv3469c
Rv1273c	Rv2071c
Rv1322	Rv1805c
Rv1322	Rv2292c
Rv1322	Rv3352c
Rv1331	Rv2544
Rv1331	Rv3109
Rv1355c	Rv2573
Rv1377c	Rv3840
Rv1386	Rv1479
Rv1386	Rv1915
Rv1398c	Rv2267c
Rv1402	Rv3412
Rv1411c	Rv3030
Rv1411c	Rv3387
Rv1474c	Rv2886c
Rv1479	Rv2119
Rv1479	Rv2250A
Rv1479	Rv2599
Rv1479	Rv2602
Rv1479	Rv3710
Rv1495	Rv2755c
Rv1495	Rv3891c
Rv1503c	Rv3594
Rv1515c	Rv2602
Rv1517	Rv3125c
Rv1518	Rv1846c
Rv1518	Rv2709
Rv1537	Rv2256c
Rv1537	Rv3351c
Rv1542c	Rv1935c
Rv1553	Rv3582c
Rv1564c	Rv1588c
Rv1571	Rv3175
Rv1571	Rv3324c
Rv1573	Rv2050
Rv1573	Rv3582c
Rv1585c	Rv1681
Rv1585c	Rv2116
Rv1585c	Rv2709
Rv1586c	Rv2694c
Rv1588c	Rv2292c
Rv1588c	Rv3923c
Rv1596	Rv1870c
Rv1642	Rv2107
Rv1644	Rv3600c
Rv1664	Rv2986c
Rv1668c	Rv1926c
Rv1668c	Rv2374c
Rv1680	Rv2890c
Rv1680	Rv3243c
Rv1681	Rv2292c
Rv1688	Rv1957
Rv1716	Rv2028c
Rv1717	Rv2524c
Rv1727	Rv3319
Rv1733c	Rv1957
Rv1740	Rv1976c
Rv1741	Rv3319
Rv1791	Rv2009
Rv1791	Rv3716c
Rv1794	Rv2516c
Rv1804c	Rv2755c
Rv1804c	Rv2851c
Rv1804c	Rv2904c
Rv1829	Rv1921c
Rv1829	Rv2986c
Rv1831	Rv2109c
Rv1855c	Rv2091c
Rv1873	Rv2091c
Rv1925	Rv2346c
Rv1933c	Rv2710
Rv1936	Rv1960c
Rv1954c	Rv3412
Rv1960c	Rv2014
Rv1960c	Rv2261c
Rv1960c	Rv3215
Rv1960c	Rv3294c
Rv1965	Rv2749
Rv1965	Rv2822c
Rv1982c	Rv2368c
Rv1982c	Rv2524c
Rv1982c	Rv2929
Rv2003c	Rv3041c
Rv2006	Rv2865
Rv2006	Rv3716c
Rv2016	Rv3182
Rv2026c	Rv3041c
Rv2028c	Rv2109c
Rv2038c	Rv2256c
Rv2045c	Rv2091c
Rv2047c	Rv2261c
Rv2047c	Rv2560
Rv2050	Rv2710
Rv2071c	Rv2261c
Rv2071c	Rv2544
Rv2071c	Rv2602
Rv2071c	Rv3157
Rv2071c	Rv3473c
Rv2071c	Rv3664c
Rv2071c	Rv3831
Rv2091c	Rv3600c
Rv2104c	Rv2204c
Rv2104c	Rv2267c
Rv2107	Rv3052c
Rv2108	Rv2737A
Rv2109c	Rv2191
Rv2109c	Rv3209
Rv2119	Rv3427c
Rv2151c	Rv3874
Rv2160c	Rv2964
Rv2160c	Rv3290c
Rv2178c	Rv3516
Rv2204c	Rv2855
Rv2215	Rv3235
Rv2228c	Rv2442c
Rv2250A	Rv3597c
Rv2255c	Rv3541c
Rv2267c	Rv3076
Rv2292c	Rv2408
Rv2318	Rv3840
Rv2346c	Rv2470
Rv2346c	Rv3385c
Rv2366c	Rv2784c
Rv2385	Rv3157
Rv2412	Rv3412
Rv2442c	Rv3113
Rv2460c	Rv3874
Rv2477c	Rv3140
Rv2497c	Rv2709
Rv2507	Rv3787c
Rv2524c	Rv2577
Rv2540c	Rv2547
Rv2540c	Rv3536c
Rv2540c	Rv3582c
Rv2547	Rv3905c
Rv2560	Rv2710
Rv2573	Rv3541c
Rv2577	Rv3406
Rv2577	Rv3688c
Rv2601A	Rv3343c
Rv2601A	Rv3443c
Rv2602	Rv3175
Rv2602	Rv3878
Rv2653c	Rv2791c
Rv2653c	Rv3332
Rv2668	Rv3845
Rv2670c	Rv2719c
Rv2670c	Rv3554
Rv2704	Rv3343c
Rv2709	Rv3873
Rv2710	Rv2797c
Rv2710	Rv3125c
Rv2711	Rv3067
Rv2719c	Rv3294c
Rv2719c	Rv3327
Rv2730	Rv3868
Rv2755c	Rv3002c
Rv2755c	Rv3632
Rv2785c	Rv3373
Rv2822c	Rv2986c
Rv2822c	Rv3030
Rv2855	Rv3252c
Rv2871	Rv3469c
Rv2889c	Rv3288c
Rv2904c	Rv3600c
Rv2929	Rv2997
Rv2946c	Rv3366
Rv2946c	Rv3872
Rv2986c	Rv3215
Rv2986c	Rv3353c
Rv2997	Rv3288c
Rv3002c	Rv3398c
Rv3052c	Rv3789
Rv3067	Rv3327
Rv3071	Rv3122
Rv3105c	Rv3122
Rv3141	Rv3837c
Rv3175	Rv3837c
Rv3243c	Rv3327
Rv3283	Rv3642c
Rv3327	Rv3582c
Rv3332	Rv3412
Rv3366	Rv3460c
Rv3366	Rv3632
Rv3371	Rv3840
Rv3412	Rv3924c
Rv3489	Rv3583c
Rv3600c	Rv3891c
Rv3662c	Rv3840
Rv3688c	Rv3840
Rv3801c	Rv3855
Rv3890c	Rv3891c
Rv0021c	Rv2245
Rv0021c	Rv2524c
Rv0068	Rv2245
Rv0068	Rv2524c
Rv0104	Rv2524c
Rv0105c	Rv0634B
Rv0105c	Rv0641
Rv0105c	Rv0701
Rv0105c	Rv2904c
Rv0105c	Rv2925c
Rv0118c	Rv3002c
Rv0162c	Rv3804c
Rv0216	Rv2245
Rv0216	Rv2524c
Rv0248c	Rv1554
Rv0248c	Rv3148
Rv0312	Rv0351
Rv0312	Rv0352
Rv0312	Rv2373c
Rv0351	Rv0312
Rv0352	Rv0312
Rv0384c	Rv1331
Rv0600c	Rv3143
Rv0601c	Rv3143
Rv0634B	Rv0105c
Rv0638	Rv1821
Rv0638	Rv3240c
Rv0640	Rv0683
Rv0640	Rv0684
Rv0640	Rv0718
Rv0640	Rv2785c
Rv0641	Rv0105c
Rv0641	Rv0683
Rv0641	Rv2785c
Rv0682	Rv2056c
Rv0683	Rv0640
Rv0683	Rv0641
Rv0683	Rv2056c
Rv0684	Rv0640
Rv0684	Rv0701
Rv0684	Rv0705
Rv0684	Rv0709
Rv0684	Rv0717
Rv0684	Rv0718
Rv0684	Rv2056c
Rv0684	Rv2785c
Rv0684	Rv3460c
Rv0700	Rv2056c
Rv0701	Rv0105c
Rv0701	Rv0684
Rv0701	Rv0705
Rv0701	Rv0718
Rv0701	Rv2785c
Rv0705	Rv0684
Rv0705	Rv0701
Rv0705	Rv2056c
Rv0709	Rv0684
Rv0717	Rv0684
Rv0718	Rv0640
Rv0718	Rv0684
Rv0718	Rv0701
Rv0718	Rv2056c
Rv0753c	Rv1188
Rv0757	Rv3862c
Rv0768	Rv1188
Rv0864	Rv3109
Rv0868c	Rv1355c
Rv0929	Rv0930
Rv0929	Rv0932c
Rv0929	Rv0936
Rv0930	Rv0929
Rv0930	Rv0932c
Rv0932c	Rv0929
Rv0932c	Rv0930
Rv0932c	Rv0936
Rv0936	Rv0929
Rv0936	Rv0932c
Rv0951	Rv2855
Rv0952	Rv2855
Rv0974c	Rv2524c
Rv1032c	Rv3143
Rv1179c	Rv1329c
Rv1188	Rv0753c
Rv1188	Rv0768
Rv1329c	Rv1179c
Rv1331	Rv0384c
Rv1331	Rv3596c
Rv1355c	Rv0868c
Rv1390	Rv2703
Rv1390	Rv2710
Rv1553	Rv3537
Rv1554	Rv0248c
Rv1554	Rv3319
Rv1554	Rv3537
Rv1644	Rv2524c
Rv1675c	Rv2524c
Rv1821	Rv0638
Rv1832	Rv2855
Rv1850	Rv1851
Rv1851	Rv1850
Rv1894c	Rv2245
Rv1894c	Rv2524c
Rv2029c	Rv3010c
Rv2038c	Rv2316
Rv2038c	Rv2317
Rv2056c	Rv0682
Rv2056c	Rv0683
Rv2056c	Rv0684
Rv2056c	Rv0700
Rv2056c	Rv0705
Rv2056c	Rv0718
Rv2056c	Rv2785c
Rv2056c	Rv2890c
Rv2056c	Rv3460c
Rv2073c	Rv2245
Rv2073c	Rv2524c
Rv2215	Rv2496c
Rv2215	Rv2497c
Rv2245	Rv0021c
Rv2245	Rv0068
Rv2245	Rv0216
Rv2245	Rv1894c
Rv2245	Rv2073c
Rv2245	Rv2524c
Rv2245	Rv3417c
Rv2316	Rv2038c
Rv2317	Rv2038c
Rv2373c	Rv0312
Rv2496c	Rv2215
Rv2497c	Rv2215
Rv2497c	Rv2855
Rv2524c	Rv0021c
Rv2524c	Rv0068
Rv2524c	Rv0104
Rv2524c	Rv0216
Rv2524c	Rv0974c
Rv2524c	Rv1644
Rv2524c	Rv1675c
Rv2524c	Rv1894c
Rv2524c	Rv2073c
Rv2524c	Rv2245
Rv2703	Rv1390
Rv2710	Rv1390
Rv2785c	Rv0640
Rv2785c	Rv0641
Rv2785c	Rv0684
Rv2785c	Rv0701
Rv2785c	Rv2056c
Rv2855	Rv0951
Rv2855	Rv0952
Rv2855	Rv1832
Rv2855	Rv2497c
Rv2890c	Rv2056c
Rv2904c	Rv0105c
Rv2904c	Rv2925c
Rv2925c	Rv0105c
Rv2925c	Rv2904c
Rv2998A	Rv3143
Rv3002c	Rv0118c
Rv3010c	Rv2029c
Rv3109	Rv0864
Rv3109	Rv3324c
Rv3146	Rv3152
Rv3146	Rv3156
Rv3146	Rv3157
Rv3148	Rv0248c
Rv3148	Rv3152
Rv3148	Rv3156
Rv3148	Rv3157
Rv3148	Rv3537
Rv3149	Rv3152
Rv3149	Rv3156
Rv3149	Rv3157
Rv3150	Rv3152
Rv3150	Rv3156
Rv3150	Rv3157
Rv3152	Rv3146
Rv3152	Rv3148
Rv3152	Rv3149
Rv3152	Rv3150
Rv3156	Rv3146
Rv3156	Rv3148
Rv3156	Rv3149
Rv3156	Rv3150
Rv3157	Rv3146
Rv3157	Rv3148
Rv3157	Rv3149
Rv3157	Rv3150
Rv3240c	Rv0638
Rv3319	Rv1554
Rv3319	Rv3537
Rv3324c	Rv3109
Rv3417c	Rv2245
Rv3460c	Rv0684
Rv3460c	Rv2056c
Rv3537	Rv1553
Rv3537	Rv1554
Rv3537	Rv3148
Rv3537	Rv3319
Rv3596c	Rv1331
Rv3804c	Rv0162c
Rv3879c	Rv3881c
Rv3881c	Rv3879c
Rv0353	Rv0250c
Rv0353	Rv0251c
Rv0353	Rv0351
Rv0353	Rv0352
Rv0353	Rv0384c
Rv0485	Rv3332
Rv1221	Rv0250c
Rv1221	Rv0251c
Rv1221	Rv0563
Rv1221	Rv0980c
Rv1221	Rv0984
Rv1221	Rv1072
Rv1221	Rv1073
Rv1221	Rv1329c
Rv1221	Rv1330c
Rv1221	Rv1503c
Rv1221	Rv1504c
Rv1221	Rv2442c
Rv1221	Rv2711
Rv1221	Rv2744c
Rv1221	Rv2745c
Rv1267c	Rv3793
Rv1267c	Rv3795
Rv1956	Rv1957
Rv2374c	Rv0440
Rv2374c	Rv3417c
Rv2374c	Rv3418c
Rv2711	Rv0105c
Rv2711	Rv0282
Rv2711	Rv0283
Rv2711	Rv0291
Rv2711	Rv0292
Rv2711	Rv0338c
Rv2711	Rv0670
Rv2711	Rv1846c
Rv2711	Rv1935c
Rv2711	Rv1936
Rv2711	Rv2378c
Rv2711	Rv2865
Rv2711	Rv3197
Rv2711	Rv3489
Rv2711	Rv3839
Rv2711	Rv3840
Rv3574	Rv3534c
Rv3574	Rv3569c
Rv3574	Rv3571
Rv3575c	Rv1832
Rv3575c	Rv2139
Rv3648c	Rv0005
Rv3648c	Rv0006
Rv0056	Rv0640
Rv0056	Rv0641
Rv0056	Rv0701
Rv0056	Rv0709
Rv0056	Rv1298
Rv0056	Rv1643
Rv0056	Rv2442c
Rv0056	Rv2904c
Rv0056	Rv3443c
Rv0056	Rv3461c
Rv0056	Rv3924c
Rv0162c	Rv0768
Rv0162c	Rv3252c
Rv0217c	Rv0565c
Rv0217c	Rv0778
Rv0217c	Rv1256c
Rv0217c	Rv1666c
Rv0217c	Rv2268c
Rv0217c	Rv2276
Rv0217c	Rv3685c
Rv0231	Rv0632c
Rv0231	Rv0673
Rv0231	Rv0753c
Rv0231	Rv0905
Rv0231	Rv1935c
Rv0231	Rv3373
Rv0231	Rv3516
Rv0231	Rv3523
Rv0248c	Rv0951
Rv0248c	Rv0952
Rv0324	Rv0326
Rv0382c	Rv2139
Rv0562	Rv3398c
Rv0565c	Rv0217c
Rv0565c	Rv2385
Rv0565c	Rv2970c
Rv0565c	Rv3084
Rv0573c	Rv1596
Rv0619	Rv0620
Rv0620	Rv0619
Rv0632c	Rv0231
Rv0632c	Rv0752c
Rv0632c	Rv0852
Rv0632c	Rv0873
Rv0632c	Rv0975c
Rv0632c	Rv1550
Rv0632c	Rv1679
Rv0632c	Rv1933c
Rv0632c	Rv3139
Rv0632c	Rv3140
Rv0632c	Rv3504
Rv0632c	Rv3513c
Rv0632c	Rv3564
Rv0640	Rv0056
Rv0640	Rv1298
Rv0640	Rv1643
Rv0640	Rv2442c
Rv0640	Rv2904c
Rv0640	Rv3461c
Rv0640	Rv3924c
Rv0641	Rv0056
Rv0641	Rv1298
Rv0641	Rv1643
Rv0641	Rv2442c
Rv0641	Rv3461c
Rv0641	Rv3924c
Rv0649	Rv2524c
Rv0673	Rv0231
Rv0673	Rv0752c
Rv0673	Rv0852
Rv0673	Rv0873
Rv0673	Rv0975c
Rv0673	Rv1550
Rv0673	Rv1679
Rv0673	Rv1933c
Rv0673	Rv3139
Rv0673	Rv3140
Rv0673	Rv3504
Rv0673	Rv3513c
Rv0673	Rv3564
Rv0682	Rv1641
Rv0682	Rv2412
Rv0682	Rv2534c
Rv0683	Rv2412
Rv0683	Rv2534c
Rv0694	Rv2496c
Rv0694	Rv2497c
Rv0700	Rv2412
Rv0700	Rv2534c
Rv0701	Rv0056
Rv0701	Rv1298
Rv0701	Rv1643
Rv0701	Rv2442c
Rv0701	Rv3461c
Rv0701	Rv3924c
Rv0705	Rv2412
Rv0705	Rv2534c
Rv0709	Rv0056
Rv0709	Rv1298
Rv0709	Rv1643
Rv0709	Rv2442c
Rv0709	Rv2904c
Rv0709	Rv3461c
Rv0709	Rv3924c
Rv0717	Rv1641
Rv0717	Rv2412
Rv0717	Rv2534c
Rv0718	Rv2412
Rv0718	Rv2534c
Rv0751c	Rv0753c
Rv0751c	Rv0768
Rv0752c	Rv0632c
Rv0752c	Rv0673
Rv0752c	Rv0905
Rv0752c	Rv1935c
Rv0752c	Rv3373
Rv0752c	Rv3516
Rv0753c	Rv0231
Rv0753c	Rv0751c
Rv0753c	Rv0975c
Rv0753c	Rv3140
Rv0768	Rv0162c
Rv0768	Rv0751c
Rv0769	Rv2524c
Rv0778	Rv0217c
Rv0778	Rv2385
Rv0778	Rv2970c
Rv0778	Rv3084
Rv0815c	Rv2294
Rv0823c	Rv0824c
Rv0824c	Rv2524c
Rv0852	Rv0632c
Rv0852	Rv0673
Rv0852	Rv0905
Rv0852	Rv1935c
Rv0852	Rv3373
Rv0852	Rv3516
Rv0873	Rv0632c
Rv0873	Rv0673
Rv0873	Rv0905
Rv0873	Rv1935c
Rv0873	Rv3373
Rv0873	Rv3516
Rv0905	Rv0231
Rv0905	Rv0752c
Rv0905	Rv0852
Rv0905	Rv0873
Rv0905	Rv0975c
Rv0905	Rv1550
Rv0905	Rv1679
Rv0905	Rv1933c
Rv0905	Rv3139
Rv0905	Rv3140
Rv0905	Rv3504
Rv0905	Rv3513c
Rv0905	Rv3564
Rv0951	Rv0248c
Rv0951	Rv1553
Rv0951	Rv1554
Rv0951	Rv3319
Rv0952	Rv0248c
Rv0952	Rv1553
Rv0952	Rv1554
Rv0952	Rv3319
Rv0975c	Rv0632c
Rv0975c	Rv0673
Rv0975c	Rv0753c
Rv0975c	Rv0905
Rv0975c	Rv1935c
Rv0975c	Rv3373
Rv0975c	Rv3516
Rv0975c	Rv3523
Rv1094	Rv2524c
Rv1256c	Rv0217c
Rv1256c	Rv2385
Rv1256c	Rv2970c
Rv1256c	Rv3084
Rv1298	Rv0056
Rv1298	Rv0640
Rv1298	Rv0641
Rv1298	Rv0701
Rv1298	Rv0709
Rv1298	Rv1643
Rv1298	Rv2442c
Rv1298	Rv2904c
Rv1298	Rv3443c
Rv1298	Rv3460c
Rv1298	Rv3461c
Rv1298	Rv3924c
Rv1330c	Rv1596
Rv1390	Rv1625c
Rv1390	Rv2783c
Rv1404	Rv0193c
Rv1404	Rv1405c
Rv1404	Rv2711
Rv1474c	Rv1475c
Rv1475c	Rv1915
Rv1550	Rv0632c
Rv1550	Rv0673
Rv1550	Rv0905
Rv1550	Rv1935c
Rv1550	Rv3373
Rv1550	Rv3516
Rv1553	Rv0951
Rv1553	Rv0952
Rv1554	Rv0951
Rv1554	Rv0952
Rv1563c	Rv2006
Rv1564c	Rv2006
Rv1594	Rv1596
Rv1596	Rv0573c
Rv1596	Rv1330c
Rv1596	Rv1594
Rv1625c	Rv1390
Rv1630	Rv2783c
Rv1641	Rv0682
Rv1641	Rv0717
Rv1641	Rv2412
Rv1643	Rv0056
Rv1643	Rv0640
Rv1643	Rv0641
Rv1643	Rv0701
Rv1643	Rv0709
Rv1643	Rv1298
Rv1643	Rv2442c
Rv1643	Rv2904c
Rv1643	Rv3461c
Rv1643	Rv3924c
Rv1656	Rv2496c
Rv1666c	Rv0217c
Rv1666c	Rv2385
Rv1666c	Rv2970c
Rv1666c	Rv3084
Rv1679	Rv0632c
Rv1679	Rv0673
Rv1679	Rv0905
Rv1679	Rv1935c
Rv1679	Rv3373
Rv1679	Rv3516
Rv1715	Rv1935c
Rv1715	Rv3516
Rv1715	Rv3523
Rv1837c	Rv1915
Rv1837c	Rv3535c
Rv1872c	Rv2496c
Rv1872c	Rv2497c
Rv1915	Rv1475c
Rv1915	Rv1837c
Rv1933c	Rv0632c
Rv1933c	Rv0673
Rv1933c	Rv0905
Rv1933c	Rv1935c
Rv1933c	Rv3373
Rv1933c	Rv3516
Rv1935c	Rv0231
Rv1935c	Rv0752c
Rv1935c	Rv0852
Rv1935c	Rv0873
Rv1935c	Rv0975c
Rv1935c	Rv1550
Rv1935c	Rv1679
Rv1935c	Rv1715
Rv1935c	Rv1933c
Rv1935c	Rv3139
Rv1935c	Rv3140
Rv1935c	Rv3504
Rv1935c	Rv3513c
Rv1935c	Rv3564
Rv2006	Rv1563c
Rv2006	Rv1564c
Rv2070c	Rv2072c
Rv2072c	Rv2070c
Rv2111c	Rv2115c
Rv2115c	Rv2111c
Rv2139	Rv0382c
Rv2268c	Rv0217c
Rv2268c	Rv2385
Rv2268c	Rv2970c
Rv2268c	Rv3084
Rv2276	Rv0217c
Rv2276	Rv2385
Rv2276	Rv2970c
Rv2276	Rv3084
Rv2294	Rv0815c
Rv2294	Rv3283
Rv2374c	Rv0350
Rv2385	Rv0565c
Rv2385	Rv0778
Rv2385	Rv1256c
Rv2385	Rv1666c
Rv2385	Rv2268c
Rv2385	Rv2276
Rv2385	Rv3685c
Rv2412	Rv0682
Rv2412	Rv0683
Rv2412	Rv0700
Rv2412	Rv0705
Rv2412	Rv0717
Rv2412	Rv0718
Rv2412	Rv1641
Rv2412	Rv2785c
Rv2412	Rv2890c
Rv2412	Rv3460c
Rv2442c	Rv0056
Rv2442c	Rv0640
Rv2442c	Rv0641
Rv2442c	Rv0701
Rv2442c	Rv0709
Rv2442c	Rv1298
Rv2442c	Rv1643
Rv2442c	Rv2904c
Rv2442c	Rv3443c
Rv2442c	Rv3461c
Rv2442c	Rv3924c
Rv2496c	Rv0694
Rv2496c	Rv1656
Rv2496c	Rv1872c
Rv2496c	Rv3002c
Rv2497c	Rv0694
Rv2497c	Rv1872c
Rv2497c	Rv3002c
Rv2524c	Rv0649
Rv2524c	Rv0769
Rv2524c	Rv0824c
Rv2524c	Rv1094
Rv2534c	Rv0682
Rv2534c	Rv0683
Rv2534c	Rv0700
Rv2534c	Rv0705
Rv2534c	Rv0717
Rv2534c	Rv0718
Rv2534c	Rv2785c
Rv2534c	Rv2890c
Rv2534c	Rv3460c
Rv2592c	Rv2904c
Rv2642	Rv0757
Rv2703	Rv2416c
Rv2745c	Rv1221
Rv2745c	Rv2930
Rv2745c	Rv2934
Rv2745c	Rv2939
Rv2754c	Rv2964
Rv2783c	Rv1390
Rv2783c	Rv1630
Rv2783c	Rv3051c
Rv2785c	Rv2412
Rv2785c	Rv2534c
Rv2868c	Rv3581c
Rv2887	Rv0757
Rv2890c	Rv2412
Rv2890c	Rv2534c
Rv2904c	Rv0056
Rv2904c	Rv0640
Rv2904c	Rv0709
Rv2904c	Rv1298
Rv2904c	Rv1643
Rv2904c	Rv2442c
Rv2904c	Rv2592c
Rv2904c	Rv3461c
Rv2904c	Rv3924c
Rv2964	Rv2754c
Rv2970c	Rv0565c
Rv2970c	Rv0778
Rv2970c	Rv1256c
Rv2970c	Rv1666c
Rv2970c	Rv2268c
Rv2970c	Rv2276
Rv2970c	Rv3685c
Rv2987c	Rv3710
Rv2988c	Rv3710
Rv3002c	Rv2496c
Rv3002c	Rv2497c
Rv3051c	Rv2783c
Rv3084	Rv0565c
Rv3084	Rv0778
Rv3084	Rv1256c
Rv3084	Rv1666c
Rv3084	Rv2268c
Rv3084	Rv2276
Rv3084	Rv3685c
Rv3139	Rv0632c
Rv3139	Rv0673
Rv3139	Rv0905
Rv3139	Rv1935c
Rv3139	Rv3373
Rv3139	Rv3516
Rv3140	Rv0632c
Rv3140	Rv0673
Rv3140	Rv0753c
Rv3140	Rv0905
Rv3140	Rv1935c
Rv3140	Rv3373
Rv3140	Rv3516
Rv3140	Rv3523
Rv3252c	Rv0162c
Rv3283	Rv2294
Rv3313c	Rv3393
Rv3319	Rv0951
Rv3319	Rv0952
Rv3373	Rv0231
Rv3373	Rv0752c
Rv3373	Rv0852
Rv3373	Rv0873
Rv3373	Rv0975c
Rv3373	Rv1550
Rv3373	Rv1679
Rv3373	Rv1933c
Rv3373	Rv3139
Rv3373	Rv3140
Rv3373	Rv3504
Rv3373	Rv3513c
Rv3373	Rv3564
Rv3393	Rv3313c
Rv3398c	Rv0562
Rv3406	Rv3432c
Rv3432c	Rv3406
Rv3443c	Rv0056
Rv3443c	Rv1298
Rv3443c	Rv2442c
Rv3443c	Rv3461c
Rv3443c	Rv3924c
Rv3460c	Rv1298
Rv3460c	Rv2412
Rv3460c	Rv2534c
Rv3461c	Rv0056
Rv3461c	Rv0640
Rv3461c	Rv0641
Rv3461c	Rv0701
Rv3461c	Rv0709
Rv3461c	Rv1298
Rv3461c	Rv1643
Rv3461c	Rv2442c
Rv3461c	Rv2904c
Rv3461c	Rv3443c
Rv3461c	Rv3924c
Rv3469c	Rv3535c
Rv3469c	Rv3536c
Rv3504	Rv0632c
Rv3504	Rv0673
Rv3504	Rv0905
Rv3504	Rv1935c
Rv3504	Rv3373
Rv3504	Rv3516
Rv3513c	Rv0632c
Rv3513c	Rv0673
Rv3513c	Rv0905
Rv3513c	Rv1935c
Rv3513c	Rv3373
Rv3513c	Rv3516
Rv3516	Rv0231
Rv3516	Rv0752c
Rv3516	Rv0852
Rv3516	Rv0873
Rv3516	Rv0975c
Rv3516	Rv1550
Rv3516	Rv1679
Rv3516	Rv1715
Rv3516	Rv1933c
Rv3516	Rv3139
Rv3516	Rv3140
Rv3516	Rv3504
Rv3516	Rv3513c
Rv3516	Rv3564
Rv3523	Rv0231
Rv3523	Rv0975c
Rv3523	Rv1715
Rv3523	Rv3140
Rv3523	Rv3535c
Rv3526	Rv3537
Rv3534c	Rv3535c
Rv3534c	Rv3536c
Rv3535c	Rv1837c
Rv3535c	Rv3469c
Rv3535c	Rv3523
Rv3535c	Rv3534c
Rv3535c	Rv3710
Rv3536c	Rv3469c
Rv3536c	Rv3534c
Rv3537	Rv3526
Rv3537	Rv3571
Rv3557c	Rv3564
Rv3564	Rv0632c
Rv3564	Rv0673
Rv3564	Rv0905
Rv3564	Rv1935c
Rv3564	Rv3373
Rv3564	Rv3516
Rv3571	Rv3537
Rv3574	Rv2668
Rv3574	Rv3504
Rv3574	Rv3523
Rv3581c	Rv2868c
Rv3685c	Rv0217c
Rv3685c	Rv2385
Rv3685c	Rv2970c
Rv3685c	Rv3084
Rv3692	Rv2930
Rv3692	Rv2934
Rv3692	Rv2939
Rv3710	Rv2987c
Rv3710	Rv2988c
Rv3710	Rv3535c
Rv3840	Rv3839
Rv3866	Rv3873
Rv3868	Rv3873
Rv3872	Rv0905
Rv3872	Rv1672c
Rv3872	Rv1899c
Rv3872	Rv3235
Rv3873	Rv3866
Rv3873	Rv3868
Rv3873	Rv3874
Rv3873	Rv3875
Rv3874	Rv2797c
Rv3874	Rv3196
Rv3874	Rv3600c
Rv3874	Rv3873
Rv3875	Rv1051c
Rv3875	Rv2346c
Rv3875	Rv3873
Rv3924c	Rv0056
Rv3924c	Rv0640
Rv3924c	Rv0641
Rv3924c	Rv0701
Rv3924c	Rv0709
Rv3924c	Rv1298
Rv3924c	Rv1643
Rv3924c	Rv2442c
Rv3924c	Rv2904c
Rv3924c	Rv3443c
Rv3924c	Rv3461c
Rv0324	Rv2516c
Rv0324	Rv2517c
Rv0324	Rv3597c
Rv3574	Rv3536c
Rv3574	Rv3570c
Rv0465c	Rv0464c
Rv3160c	Rv3161c
Rv2711	Rv3841
Rv0905	Rv3872
Rv1051c	Rv3875
Rv1672c	Rv3872
Rv1899c	Rv3872
Rv2261c	Rv3873
Rv2346c	Rv3875
Rv2797c	Rv3874
Rv3196	Rv3874
Rv3235	Rv3872
Rv3600c	Rv3874
Rv0350	Rv0351
Rv0351	Rv0350
Rv0382c	Rv1385
Rv0440	Rv3418c
Rv0632c	Rv1715
Rv0640	Rv0641
Rv0640	Rv0682
Rv0640	Rv0701
Rv0640	Rv0709
Rv0640	Rv3443c
Rv0641	Rv0640
Rv0641	Rv0682
Rv0641	Rv0684
Rv0641	Rv0709
Rv0641	Rv2904c
Rv0641	Rv3443c
Rv0673	Rv1715
Rv0682	Rv0640
Rv0682	Rv0641
Rv0682	Rv0684
Rv0682	Rv0700
Rv0682	Rv0705
Rv0682	Rv0717
Rv0682	Rv0718
Rv0682	Rv2785c
Rv0682	Rv2890c
Rv0682	Rv3460c
Rv0683	Rv0700
Rv0683	Rv0705
Rv0683	Rv0717
Rv0683	Rv0718
Rv0683	Rv2785c
Rv0683	Rv3460c
Rv0684	Rv0641
Rv0684	Rv0682
Rv0700	Rv0682
Rv0700	Rv0683
Rv0700	Rv0705
Rv0700	Rv0717
Rv0700	Rv0718
Rv0700	Rv2785c
Rv0700	Rv2890c
Rv0700	Rv3460c
Rv0701	Rv0640
Rv0701	Rv0709
Rv0705	Rv0682
Rv0705	Rv0683
Rv0705	Rv0700
Rv0705	Rv0717
Rv0705	Rv0718
Rv0705	Rv2785c
Rv0705	Rv2890c
Rv0709	Rv0640
Rv0709	Rv0641
Rv0709	Rv0701
Rv0709	Rv3443c
Rv0717	Rv0682
Rv0717	Rv0683
Rv0717	Rv0700
Rv0717	Rv0705
Rv0717	Rv0718
Rv0717	Rv2785c
Rv0717	Rv2890c
Rv0717	Rv3460c
Rv0718	Rv0682
Rv0718	Rv0683
Rv0718	Rv0700
Rv0718	Rv0705
Rv0718	Rv0717
Rv0718	Rv2785c
Rv0718	Rv2890c
Rv0718	Rv3460c
Rv0905	Rv1715
Rv0951	Rv2215
Rv0952	Rv2215
Rv1029	Rv1030
Rv1030	Rv1029
Rv1385	Rv0382c
Rv1553	Rv1554
Rv1554	Rv1553
Rv1715	Rv0632c
Rv1715	Rv0673
Rv1715	Rv0905
Rv1715	Rv3373
Rv2215	Rv0951
Rv2215	Rv0952
Rv2785c	Rv0682
Rv2785c	Rv0683
Rv2785c	Rv0700
Rv2785c	Rv0705
Rv2785c	Rv0717
Rv2785c	Rv0718
Rv2785c	Rv2890c
Rv2785c	Rv3460c
Rv2890c	Rv0682
Rv2890c	Rv0683
Rv2890c	Rv0700
Rv2890c	Rv0705
Rv2890c	Rv0717
Rv2890c	Rv0718
Rv2890c	Rv2785c
Rv2890c	Rv3460c
Rv2904c	Rv0641
Rv2904c	Rv3443c
Rv2987c	Rv2988c
Rv2988c	Rv2987c
Rv3146	Rv3148
Rv3146	Rv3149
Rv3146	Rv3150
Rv3148	Rv3146
Rv3148	Rv3149
Rv3148	Rv3150
Rv3149	Rv3146
Rv3149	Rv3148
Rv3149	Rv3150
Rv3150	Rv3146
Rv3150	Rv3148
Rv3150	Rv3149
Rv3152	Rv3156
Rv3152	Rv3157
Rv3156	Rv3152
Rv3156	Rv3157
Rv3157	Rv3152
Rv3157	Rv3156
Rv3373	Rv1715
Rv3417c	Rv3418c
Rv3418c	Rv0440
Rv3418c	Rv3417c
Rv3443c	Rv0640
Rv3443c	Rv0641
Rv3443c	Rv0709
Rv3443c	Rv2904c
Rv3460c	Rv0682
Rv3460c	Rv0683
Rv3460c	Rv0700
Rv3460c	Rv0717
Rv3460c	Rv0718
Rv3460c	Rv2785c
Rv3460c	Rv2890c
Rv3875	Rv3874
Rv0353	Rv0350
Rv1221	Rv2710
Rv1956	Rv1955
Rv3574	Rv3492c
Rv3574	Rv3494c
Rv3574	Rv3496c
Rv3574	Rv3503c
Rv3574	Rv3520c
Rv3574	Rv3527
Rv3574	Rv3535c
Rv3574	Rv3541c
Rv3574	Rv3545c
Rv3574	Rv1628c
Rv3574	Rv1894c
Rv3574	Rv3515c
Rv3574	Rv3516
Rv3574	Rv3526
Rv3855	Rv3854c
Rv0683	Rv2890c
Rv3874	Rv3875
