Rv0005	Rv0684	836.9026587859637
Rv0005	Rv1392	343.5434931262278
Rv0005	Rv1821	468.59827400516207
Rv0005	Rv2038c	56.10091469264575
Rv0005	Rv2397c	142.79359295162405
Rv0005	Rv2460c	395.54264324458995
Rv0005	Rv2461c	324.2953725127932
Rv0005	Rv2748c	333.7505465227651
Rv0005	Rv2879c	230.36798816156002
Rv0005	Rv2890c	349.47100237042434
Rv0005	Rv3105c	257.1282691624513
Rv0005	Rv3109	54.49723803617782
Rv0005	Rv3211	395.7839945356791
Rv0005	Rv3240c	524.3455865611337
Rv0005	Rv3663c	111.39928343773606
Rv0006	Rv0350	2036.5170006532448
Rv0006	Rv0352	844.1696704125894
Rv0006	Rv0384c	1828.9911983848053
Rv0006	Rv0440	2848.2191063295336
Rv0006	Rv0700	355.4109999115923
Rv0006	Rv1297	508.71722232254194
Rv0006	Rv1392	318.95753383321266
Rv0006	Rv1821	435.06267132316054
Rv0006	Rv2038c	52.08600877088663
Rv0006	Rv2215	317.754523655837
Rv0006	Rv2373c	349.4087801280325
Rv0006	Rv2397c	132.57445757617373
Rv0006	Rv2460c	367.23532402579764
Rv0006	Rv2461c	301.08692005468436
Rv0006	Rv2748c	309.86542712737224
Rv0006	Rv2855	99.25763475488833
Rv0006	Rv2890c	324.4608362334354
Rv0006	Rv3240c	486.82038377137377
Rv0006	Rv3313c	65.15041104161135
Rv0006	Rv3417c	1019.7058718304753
Rv0006	Rv3443c	264.7580361889995
Rv0006	Rv3596c	917.3664963976007
Rv0006	Rv3663c	103.42690642384541
Rv0009	Rv0015c	98.1226897863708
Rv0009	Rv2115c	198.5390044570255
Rv0009	Rv3610c	209.12541459052656
Rv0015c	Rv0752c	147.70283140048394
Rv0015c	Rv0873	128.31702915099387
Rv0015c	Rv0975c	25.433989251026546
Rv0015c	Rv3010c	68.16321913916575
Rv0015c	Rv3139	123.3981769311523
Rv0015c	Rv3140	139.97823148757175
Rv0118c	Rv0440	707.9840020276582
Rv0118c	Rv0641	104.323757326223
Rv0118c	Rv0672	93.51651463357548
Rv0118c	Rv0683	74.09675914076456
Rv0118c	Rv0701	90.15745111573537
Rv0118c	Rv1630	125.26096013358844
Rv0118c	Rv1643	59.897260594593476
Rv0118c	Rv1821	108.14386101536736
Rv0118c	Rv2215	78.98448501392211
Rv0118c	Rv2855	24.672546198921186
Rv0118c	Rv2890c	80.65147826138164
Rv0118c	Rv2904c	69.909913362197
Rv0118c	Rv3211	91.33966485054081
Rv0118c	Rv3240c	121.00931519108383
Rv0118c	Rv3417c	253.46906859282745
Rv0118c	Rv3443c	65.81110758421563
Rv0118c	Rv3460c	52.8235466405791
Rv0125	Rv2460c	252.8381076944077
Rv0125	Rv2461c	207.2955463097446
Rv0162c	Rv2397c	36.52250559550625
Rv0248c	Rv1594	505.4748707713584
Rv0248c	Rv1595	554.2029467826032
Rv0350	Rv0672	1679.687415447268
Rv0350	Rv0927c	254.36400344114753
Rv0350	Rv1392	1424.04288965427
Rv0350	Rv1643	1075.838585673534
Rv0350	Rv1659	531.2309149857282
Rv0350	Rv1661	940.3018425943774
Rv0350	Rv1662	691.7027696084572
Rv0350	Rv1664	596.9575465409898
Rv0350	Rv1821	1942.4150174665879
Rv0350	Rv2115c	1773.809946334269
Rv0350	Rv2152c	626.8895923076981
Rv0350	Rv2245	1834.5620290580882
Rv0350	Rv2397c	591.9023494828115
Rv0350	Rv2457c	1572.4679987765098
Rv0350	Rv2460c	1639.5877085075583
Rv0350	Rv2461c	1344.2563419617543
Rv0350	Rv2555c	2623.925525724418
Rv0350	Rv2592c	472.8543627381334
Rv0350	Rv2703	1784.1979500583293
Rv0350	Rv2710	4218.8818580030875
Rv0350	Rv2833c	316.93274553903086
Rv0350	Rv2890c	1448.613366352126
Rv0350	Rv2904c	1255.679835263354
Rv0350	Rv2934	1592.8892564152798
Rv0350	Rv3141	766.7805357295947
Rv0350	Rv3211	1640.5881483262744
Rv0350	Rv3240c	2173.4965708974273
Rv0350	Rv3398c	260.2524678957697
Rv0350	Rv3417c	4552.659029142804
Rv0350	Rv3432c	424.3178485115695
Rv0350	Rv3610c	1868.3922660257263
Rv0350	Rv3663c	461.76790032754536
Rv0352	Rv0384c	3384.8819364695332
Rv0352	Rv0639	743.2084309541452
Rv0352	Rv0641	776.7210606085157
Rv0352	Rv0672	696.2579597614297
Rv0352	Rv0683	551.6721677067308
Rv0352	Rv0700	657.7529048175423
Rv0352	Rv0701	671.2487437870705
Rv0352	Rv1297	941.474042155693
Rv0352	Rv1392	590.2891144180154
Rv0352	Rv1630	932.6046942842052
Rv0352	Rv1641	682.7769738399351
Rv0352	Rv2373c	646.6447019229447
Rv0352	Rv2397c	245.3532237241656
Rv0352	Rv2457c	651.8137544816549
Rv0352	Rv2592c	196.00588230678417
Rv0352	Rv2833c	131.373816795451
Rv0352	Rv2879c	395.82678305067697
Rv0352	Rv2890c	600.4739796606115
Rv0352	Rv2904c	520.4998693052827
Rv0352	Rv3211	680.0506727963243
Rv0352	Rv3313c	120.57272319465719
Rv0352	Rv3460c	393.28684302919396
Rv0352	Rv3596c	1697.754087346503
Rv0384c	Rv0440	11420.55411610587
Rv0384c	Rv0683	1195.261538638701
Rv0384c	Rv0700	1425.0977212144371
Rv0384c	Rv0701	1454.338016803381
Rv0384c	Rv0718	932.0299522800649
Rv0384c	Rv1297	2039.8123706208526
Rv0384c	Rv1630	2020.5959029355874
Rv0384c	Rv1821	1744.478425378863
Rv0384c	Rv1837c	1736.2104998048726
Rv0384c	Rv2038c	208.85018309790547
Rv0384c	Rv2373c	1401.03051525315
Rv0384c	Rv2397c	531.5861282572614
Rv0384c	Rv2457c	1412.2298652952436
Rv0384c	Rv2592c	424.66940727157635
Rv0384c	Rv2879c	857.6044931000914
Rv0384c	Rv2890c	1300.9963069646622
Rv0384c	Rv3240c	1952.0122329525404
Rv0384c	Rv3379c	306.1908478019797
Rv0384c	Rv3417c	4088.7325226739367
Rv0384c	Rv3443c	1061.6049422781139
Rv0384c	Rv3596c	3678.38053369167
Rv0384c	Rv3663c	414.712681074994
Rv0440	Rv0639	2507.577004033076
Rv0440	Rv0672	2349.166634898506
Rv0440	Rv0815c	2088.857951353785
Rv0440	Rv1110	1386.2355652477954
Rv0440	Rv2038c	325.23452402897993
Rv0440	Rv2139	860.3988698770164
Rv0440	Rv2397c	827.8190559359514
Rv0440	Rv2457c	2199.2123791603003
Rv0440	Rv2460c	2293.084239599443
Rv0440	Rv2461c	1880.0415590697196
Rv0440	Rv2497c	2312.3980722692186
Rv0440	Rv2592c	661.321673244084
Rv0440	Rv2841c	1082.5047563189116
Rv0440	Rv2855	619.7827469896754
Rv0440	Rv2861c	1604.2681987296626
Rv0440	Rv2890c	2025.9925482600931
Rv0440	Rv3109	315.93750958776786
Rv0440	Rv3148	777.5083369387107
Rv0440	Rv3417c	6367.229160006442
Rv0440	Rv3432c	593.4397812046898
Rv0440	Rv3596c	5728.203463014695
Rv0440	Rv3663c	645.8164385471421
Rv0469	Rv2397c	74.33167341421452
Rv0558	Rv2855	32.742516233902194
Rv0602c	Rv0757	26.590246496910908
Rv0602c	Rv0903c	21.039157327645263
Rv0602c	Rv1032c	10.243203432439948
Rv0639	Rv0683	262.440011020899
Rv0639	Rv0700	312.90445611370666
Rv0639	Rv1821	383.02992473393533
Rv0639	Rv2152c	123.61800706796447
Rv0639	Rv2373c	307.6200914842583
Rv0639	Rv2890c	285.6558787349737
Rv0639	Rv3211	323.51189077625037
Rv0639	Rv3240c	428.5975038671819
Rv0639	Rv3417c	897.7508048440708
Rv0640	Rv1551	29.87678300129231
Rv0640	Rv1641	189.99632361737787
Rv0640	Rv1821	224.05263866066284
Rv0640	Rv2038c	26.823739363635735
Rv0640	Rv2397c	68.27443262049992
Rv0640	Rv2460c	189.12227773333052
Rv0640	Rv2461c	155.05655472417192
Rv0640	Rv2482c	69.64189073888198
Rv0640	Rv3105c	122.94169734705794
Rv0640	Rv3211	189.23767592536927
Rv0640	Rv3240c	250.70730891723434
Rv0640	Rv3398c	30.01946114793136
Rv0640	Rv3663c	53.26375444322889
Rv0641	Rv0672	346.1573838337064
Rv0641	Rv0864	191.45963070822475
Rv0641	Rv2368c	206.221303060709
Rv0641	Rv2373c	321.4912449464444
Rv0641	Rv2460c	337.89345953499867
Rv0641	Rv2461c	277.0302701895532
Rv0641	Rv2703	367.69537531433775
Rv0641	Rv2710	869.4457630861989
Rv0641	Rv2783c	420.8904694715096
Rv0641	Rv2841c	159.51061489986114
Rv0641	Rv2879c	196.7925274693926
Rv0641	Rv3211	338.09963458110843
Rv0641	Rv3324c	47.739166947745034
Rv0642c	Rv2397c	71.26284359169964
Rv0672	Rv0682	267.5708879208828
Rv0672	Rv0683	245.86097119295488
Rv0672	Rv0701	299.1520647952502
Rv0672	Rv0705	183.29326867483107
Rv0672	Rv2215	262.0789683636075
Rv0672	Rv2373c	288.1869047199611
Rv0672	Rv2890c	267.61023023720566
Rv0672	Rv2904c	231.96856913258696
Rv0672	Rv3417c	841.0374771347014
Rv0672	Rv3443c	218.36829320970406
Rv0682	Rv3443c	188.29975176430563
Rv0683	Rv2038c	34.038656413446866
Rv0683	Rv2115c	259.6379731768954
Rv0683	Rv2368c	146.47028264906137
Rv0683	Rv2373c	228.34165441502392
Rv0683	Rv2397c	86.63855260026769
Rv0683	Rv2457c	230.16693808239827
Rv0683	Rv2460c	239.99145475669303
Rv0683	Rv2461c	196.7629016729878
Rv0683	Rv2462c	214.5416738737894
Rv0683	Rv2703	261.1584969724931
Rv0683	Rv2710	617.530608027313
Rv0683	Rv2783c	298.94072587466746
Rv0683	Rv2841c	113.2936534836573
Rv0683	Rv2879c	139.7734215323991
Rv0683	Rv3109	33.06564199814122
Rv0683	Rv3211	240.13789218498334
Rv0683	Rv3596c	599.5069254286796
Rv0683	Rv3610c	273.4822758508141
Rv0683	Rv3663c	67.59037627845231
Rv0684	Rv1999c	86.99499564786356
Rv0684	Rv2457c	599.9566356757464
Rv0684	Rv2879c	364.3355228953234
Rv0684	Rv3010c	269.7339994885544
Rv0694	Rv1872c	198.1715395700336
Rv0694	Rv2890c	88.82860050481627
Rv0700	Rv1551	45.20314190027229
Rv0700	Rv1630	392.64377593167205
Rv0700	Rv2038c	40.58393089704131
Rv0700	Rv2165c	167.08825391663123
Rv0700	Rv2373c	272.24934530713494
Rv0700	Rv2397c	103.29823213468276
Rv0700	Rv2457c	274.42561176502466
Rv0700	Rv2460c	286.139279336489
Rv0700	Rv2461c	234.59833160286718
Rv0700	Rv2482c	105.36717655099527
Rv0700	Rv2592c	82.52209130560247
Rv0700	Rv2861c	200.1863421847681
Rv0700	Rv2879c	166.65037573201585
Rv0700	Rv3105c	186.00901544182344
Rv0700	Rv3211	286.31387513716595
Rv0700	Rv3398c	45.41901187892139
Rv0700	Rv3596c	714.7857817408914
Rv0700	Rv3663c	80.58729248508416
Rv0701	Rv1297	404.51085652006094
Rv0701	Rv1551	46.130624423777114
Rv0701	Rv1641	293.3598656291931
Rv0701	Rv2165c	170.5165871889624
Rv0701	Rv2368c	178.21815017245075
Rv0701	Rv2373c	277.8353842237456
Rv0701	Rv2457c	280.0563035314447
Rv0701	Rv2460c	292.01031328935807
Rv0701	Rv2461c	239.41184330709982
Rv0701	Rv2482c	107.52911067092215
Rv0701	Rv2841c	137.85038838569773
Rv0701	Rv2879c	170.06972457657096
Rv0701	Rv3211	292.1884914638922
Rv0701	Rv3398c	46.35092364393753
Rv0701	Rv3596c	729.4518269037923
Rv0701	Rv3663c	82.24079049992098
Rv0705	Rv2783c	222.86507093714988
Rv0705	Rv3211	179.02662215031154
Rv0718	Rv1551	29.563363663452456
Rv0718	Rv2482c	68.91131960341697
Rv0718	Rv3211	187.25249743140904
Rv0718	Rv3596c	467.47794774291646
Rv0752c	Rv0873	224.22807064802927
Rv0752c	Rv0975c	44.44471927361658
Rv0752c	Rv3139	215.63260401078358
Rv0752c	Rv3140	244.605482116076
Rv0753c	Rv0768	501.6357430758494
Rv0753c	Rv1668c	135.3682723397973
Rv0753c	Rv2462c	467.54878271068645
Rv0753c	Rv2477c	574.1542279832512
Rv0757	Rv0903c	85.93887954014048
Rv0757	Rv1032c	41.84052679376649
Rv0768	Rv1668c	73.39632826745637
Rv0768	Rv2462c	253.50374459048487
Rv0768	Rv2477c	311.3049421760079
Rv0769	Rv0927c	22.7665468465195
Rv0769	Rv2855	39.66392046171912
Rv0769	Rv3010c	63.27602052977647
Rv0815c	Rv3417c	747.8429990451699
Rv0864	Rv2904c	128.30180333052257
Rv0864	Rv3324c	23.669198142549433
Rv0873	Rv0975c	38.611408356669536
Rv0873	Rv3139	187.33110849942568
Rv0873	Rv3140	212.50133448070514
Rv0903c	Rv1032c	33.10572641693551
Rv0908	Rv1659	43.84283467135051
Rv0927c	Rv3010c	19.777666695169284
Rv0932c	Rv2841c	158.80525809564705
Rv0952	Rv3211	227.42992571091787
Rv0975c	Rv3139	37.13129450924774
Rv0975c	Rv3140	42.12033814039708
Rv1032c	Rv2879c	40.20496041669255
Rv1110	Rv3417c	496.2934707102093
Rv1297	Rv1551	64.70147742607386
Rv1297	Rv1821	485.2107652262333
Rv1297	Rv2373c	389.6838611022937
Rv1297	Rv2460c	409.56520596616684
Rv1297	Rv2461c	335.792115731364
Rv1297	Rv2482c	150.81721554010593
Rv1297	Rv2592c	118.11792285459879
Rv1297	Rv2703	445.6885088295865
Rv1297	Rv2710	1053.8669009008333
Rv1297	Rv2868c	356.4338771836951
Rv1297	Rv2890c	361.8602583300689
Rv1297	Rv3240c	542.9344011956886
Rv1297	Rv3379c	85.16419200484074
Rv1297	Rv3596c	1023.108000408889
Rv1384	Rv3211	171.04326089428213
Rv1392	Rv1821	304.219362496365
Rv1392	Rv2215	222.19115770819934
Rv1392	Rv2373c	244.32552675204408
Rv1392	Rv2397c	92.703234787907
Rv1392	Rv2457c	246.27857992863434
Rv1392	Rv2460c	256.7908108997233
Rv1392	Rv2461c	210.53626733007638
Rv1392	Rv2783c	319.8665197731041
Rv1392	Rv2879c	149.55753442939042
Rv1392	Rv3215	76.93773400870374
Rv1392	Rv3240c	340.4111558243884
Rv1392	Rv3417c	713.0335253047784
Rv1551	Rv2482c	17.199272194009545
Rv1551	Rv2855	12.624136421288839
Rv1551	Rv2890c	41.266728449567644
Rv1551	Rv2904c	35.770620363594595
Rv1551	Rv3211	46.73552459690792
Rv1551	Rv3443c	33.673395258069554
Rv1553	Rv1595	69.4235376969969
Rv1595	Rv3319	124.26971842553688
Rv1630	Rv1641	407.5818246702825
Rv1630	Rv2368c	247.60878138819763
Rv1630	Rv2373c	386.0127649602195
Rv1630	Rv2462c	362.6838254429595
Rv1630	Rv2703	441.4898095026426
Rv1630	Rv2710	1043.938733223545
Rv1630	Rv2879c	236.2877025302033
Rv1630	Rv2890c	358.4512801020053
Rv1630	Rv3211	405.95436680844796
Rv1630	Rv3596c	1013.4696032153228
Rv1641	Rv1643	194.89739452627364
Rv1641	Rv1821	351.88515362268555
Rv1641	Rv2373c	282.6070136022781
Rv1641	Rv2879c	172.99055374473394
Rv1641	Rv2904c	227.47718060213893
Rv1641	Rv3240c	393.7475605734074
Rv1641	Rv3443c	214.1402339894267
Rv1643	Rv2368c	118.40151702894124
Rv1643	Rv2879c	112.98800582923425
Rv1661	Rv1662	71.53334881664011
Rv1661	Rv1663	42.102723786305354
Rv1661	Rv1664	61.73514735182317
Rv1661	Rv2245	189.7236375454449
Rv1661	Rv2934	164.73073090329223
Rv1661	Rv2946c	156.79850674120337
Rv1662	Rv1663	30.97151290344757
Rv1662	Rv1664	45.41347306905474
Rv1662	Rv2245	139.5640842182053
Rv1662	Rv2934	121.17885730293692
Rv1662	Rv2946c	115.34377204251291
Rv1663	Rv1664	26.729224123202954
Rv1663	Rv2245	82.14389771391315
Rv1663	Rv2934	71.32281714985004
Rv1663	Rv2946c	67.88843322887772
Rv1664	Rv2245	120.44744789340693
Rv1664	Rv2934	104.58051713331966
Rv1664	Rv2946c	99.5446862331601
Rv1668c	Rv2477c	84.00679731235743
Rv1821	Rv2038c	49.67925414028652
Rv1821	Rv2368c	213.77266797310324
Rv1821	Rv2397c	126.44854781268462
Rv1821	Rv2457c	335.9275311222297
Rv1821	Rv2460c	350.26636561497304
Rv1821	Rv2461c	287.17450180351335
Rv1821	Rv2879c	203.99863161526872
Rv1821	Rv2890c	309.4683720673255
Rv1821	Rv3596c	874.9774534422417
Rv1821	Rv3663c	98.64782674701348
Rv1837c	Rv3596c	870.8305128101678
Rv1850	Rv3051c	197.55792338776538
Rv1872c	Rv2890c	514.8908746073167
Rv2038c	Rv2397c	15.138509011602146
Rv2038c	Rv2890c	37.04977099687254
Rv2038c	Rv3211	41.959722730389686
Rv2038c	Rv3240c	55.58940161999234
Rv2038c	Rv3417c	116.4389190204281
Rv2038c	Rv3596c	104.75291565630239
Rv2038c	Rv3663c	11.810187147398958
Rv2040c	Rv2397c	14.640968838615834
Rv2040c	Rv3663c	11.422035146973142
Rv2045c	Rv2115c	90.42650058235844
Rv2045c	Rv3610c	95.24818297529764
Rv2115c	Rv2373c	304.3356718008354
Rv2115c	Rv2855	86.45357722099034
Rv2115c	Rv3610c	364.4994705845605
Rv2139	Rv3417c	308.0359154182257
Rv2152c	Rv2890c	99.87695721712561
Rv2215	Rv2368c	156.13206271143196
Rv2215	Rv2397c	92.35358656488111
Rv2215	Rv2879c	148.99344919252673
Rv2245	Rv2934	321.3954607388034
Rv2245	Rv2946c	305.9194118845391
Rv2368c	Rv2855	48.77129387754653
Rv2368c	Rv2890c	159.4272806799483
Rv2368c	Rv2904c	138.19396271677113
Rv2368c	Rv3211	180.5550834188779
Rv2368c	Rv3240c	239.2043701335966
Rv2368c	Rv3443c	130.09167527820688
Rv2368c	Rv3460c	104.41859936509583
Rv2373c	Rv2397c	101.55372030843154
Rv2373c	Rv2457c	269.7910820614948
Rv2373c	Rv2592c	81.1284492147881
Rv2373c	Rv2833c	54.37670491623669
Rv2373c	Rv2879c	163.83596598553868
Rv2373c	Rv2890c	248.5411263701215
Rv2373c	Rv2904c	215.43918333605995
Rv2373c	Rv3211	281.47857514340257
Rv2373c	Rv3313c	49.90604330474156
Rv2373c	Rv3460c	162.78466388880383
Rv2373c	Rv3596c	702.7144013918318
Rv2373c	Rv3610c	320.5633256502612
Rv2397c	Rv2457c	102.36550538336654
Rv2397c	Rv2890c	94.30273904913406
Rv2397c	Rv3211	106.8000334887892
Rv2397c	Rv3240c	141.4916393224173
Rv2397c	Rv3379c	22.19424871917605
Rv2397c	Rv3417c	296.37184522607646
Rv2397c	Rv3432c	27.622508718692803
Rv2397c	Rv3596c	266.6274744479825
Rv2397c	Rv3663c	30.060455617299606
Rv2457c	Rv2890c	250.52787758201234
Rv2457c	Rv3148	96.14423983092009
Rv2457c	Rv3240c	375.89152184196615
Rv2457c	Rv3417c	787.3515669663402
Rv2457c	Rv3443c	204.42919906515513
Rv2457c	Rv3596c	708.3316556023051
Rv2460c	Rv2461c	242.40328617718856
Rv2460c	Rv2833c	57.15095894857646
Rv2460c	Rv2890c	261.22148688657296
Rv2460c	Rv2904c	226.43071038821836
Rv2460c	Rv3240c	391.93619165783855
Rv2460c	Rv3417c	820.9591244315385
Rv2460c	Rv3443c	213.15511813789934
Rv2461c	Rv2833c	46.85662048890971
Rv2461c	Rv2890c	214.16886610085012
Rv2461c	Rv2904c	185.64479159906114
Rv2461c	Rv3240c	321.33853440507073
Rv2461c	Rv3417c	673.0835464197293
Rv2461c	Rv3443c	174.76047050834384
Rv2462c	Rv2890c	233.52037723702546
Rv2482c	Rv2855	29.426485752703353
Rv2482c	Rv2890c	96.19151411688445
Rv2482c	Rv2904c	83.38024997255322
Rv2482c	Rv3211	108.9391149462581
Rv2482c	Rv3443c	78.49168075653363
Rv2497c	Rv3417c	827.8737710390114
Rv2555c	Rv2890c	418.0476126728693
Rv2592c	Rv2890c	75.3358414888902
Rv2592c	Rv3417c	236.76324334639372
Rv2592c	Rv3596c	213.00129088647904
Rv2703	Rv2710	827.870019147322
Rv2703	Rv2841c	151.88302872695348
Rv2703	Rv2890c	284.2609998817661
Rv2703	Rv2904c	246.4017064830589
Rv2710	Rv2841c	359.13983334290765
Rv2710	Rv2890c	672.1583640984423
Rv2710	Rv2904c	582.6369709865401
Rv2783c	Rv2785c	181.10619899458027
Rv2783c	Rv2879c	214.49105605180273
Rv2783c	Rv3443c	265.5125608728244
Rv2783c	Rv3460c	213.11471053693552
Rv2785c	Rv3211	145.4818869558317
Rv2841c	Rv2904c	106.89198274492205
Rv2841c	Rv3417c	387.553209600266
Rv2855	Rv2879c	46.541390475500066
Rv2855	Rv3417c	221.89167433085575
Rv2855	Rv3610c	91.06341712863335
Rv2855	Rv3663c	22.50606775074365
Rv2861c	Rv2890c	182.75356700816613
Rv2861c	Rv2904c	158.41353824621748
Rv2861c	Rv3211	206.97264229513434
Rv2861c	Rv3417c	574.3524782205671
Rv2861c	Rv3443c	149.12578069300653
Rv2879c	Rv2890c	152.1380044007536
Rv2879c	Rv2904c	131.87550849699736
Rv2879c	Rv3148	58.38548956578814
Rv2879c	Rv3211	172.2998094090592
Rv2879c	Rv3240c	228.26755471745162
Rv2879c	Rv3443c	124.143670904791
Rv2879c	Rv3596c	430.1483953694499
Rv2890c	Rv3105c	169.81084072306322
Rv2890c	Rv3211	261.3808784065444
Rv2890c	Rv3240c	346.2846196312994
Rv2890c	Rv3398c	41.46379987900456
Rv2890c	Rv3417c	725.336226119179
Rv2890c	Rv3596c	652.5402773946474
Rv2890c	Rv3663c	73.56953025090097
Rv2904c	Rv3211	226.56887335301565
Rv2904c	Rv3324c	31.991188880055887
Rv2934	Rv2946c	265.61966115147027
Rv3010c	Rv3211	127.56131033748768
Rv3051c	Rv3211	557.6406693447731
Rv3109	Rv3417c	113.11044608267939
Rv3139	Rv3140	204.3553957245972
Rv3148	Rv3417c	278.3598406497811
Rv3211	Rv3290c	547.3152982593665
Rv3211	Rv3329	86.00936494528008
Rv3211	Rv3443c	213.28518063266057
Rv3211	Rv3460c	171.19419654921407
Rv3211	Rv3663c	83.31919490118842
Rv3211	Rv3664c	44.97328876033422
Rv3240c	Rv3596c	979.0701150723514
Rv3240c	Rv3663c	110.38357469083223
Rv3290c	Rv3329	159.02391225722246
Rv3379c	Rv3596c	153.57603990941473
Rv3398c	Rv3443c	33.83420432597548
Rv3417c	Rv3432c	212.46049088268487
Rv3417c	Rv3596c	2050.784187668442
Rv3417c	Rv3663c	231.21213288953123
Rv3432c	Rv3663c	21.549480018038846
Rv3443c	Rv3596c	532.4688316248275
Rv3596c	Rv3663c	208.00729909766386
Rv2703	Rv0350	1784.1979500583293
Rv0248c	Rv1553	42.17100056415172
Rv0248c	Rv3319	75.48705438641146
Rv0350	Rv0384c	8165.8579435282645
Rv0350	Rv0440	12716.38301751776
Rv0350	Rv2373c	1559.9979186705302
Rv0350	Rv2783c	2042.3207993523897
Rv0350	Rv3596c	4095.7466052053555
Rv0384c	Rv0350	8165.8579435282645
Rv0384c	Rv2460c	1472.5099210457493
Rv0384c	Rv2461c	1207.2735052210996
Rv0440	Rv0350	12716.38301751776
Rv0440	Rv1392	1991.6289258793277
Rv0440	Rv1650	1279.919648241124
Rv0641	Rv0718	213.87076614227198
Rv0683	Rv0684	507.78213171718454
Rv0684	Rv0683	507.78213171718454
Rv0684	Rv0700	605.4232779946478
Rv0684	Rv2890c	552.7013601216455
Rv0684	Rv3443c	451.0008924452019
Rv0700	Rv0684	605.4232779946478
Rv0718	Rv0641	213.87076614227198
Rv1392	Rv0440	1991.6289258793277
Rv1553	Rv0248c	42.17100056415172
Rv1650	Rv0440	1279.919648241124
Rv1650	Rv3417c	458.2307512376009
Rv1821	Rv3240c	464.32572079832653
Rv2038c	Rv2040c	5.752161051869728
Rv2040c	Rv2038c	5.752161051869728
Rv2215	Rv2855	69.14453003357706
Rv2373c	Rv0350	1559.9979186705302
Rv2460c	Rv0384c	1472.5099210457493
Rv2460c	Rv3596c	738.566302764811
Rv2461c	Rv0384c	1207.2735052210996
Rv2461c	Rv3596c	605.5317634422639
Rv2496c	Rv2855	60.46872687610872
Rv2783c	Rv0350	2042.3207993523897
Rv2783c	Rv3211	368.50661254558855
Rv2855	Rv2215	69.14453003357706
Rv2855	Rv2496c	60.46872687610872
Rv2890c	Rv0684	552.7013601216455
Rv3211	Rv2783c	368.50661254558855
Rv3240c	Rv1821	464.32572079832653
Rv3319	Rv0248c	75.48705438641146
Rv3417c	Rv1650	458.2307512376009
Rv3443c	Rv0684	451.0008924452019
Rv3596c	Rv0350	4095.7466052053555
Rv3596c	Rv2460c	738.566302764811
Rv3596c	Rv2461c	605.5317634422639
Rv0700	Rv1641	287.46169815655514
Rv0701	Rv2462c	261.0442170327373
Rv0718	Rv1641	188.00318660735945
Rv1641	Rv0700	287.46169815655514
Rv1641	Rv0718	188.00318660735945
Rv1641	Rv2785c	146.06511911205214
Rv1641	Rv2890c	262.4287458524356
Rv1643	Rv3443c	139.86473528475807
Rv2109c	Rv2110c	90.02583474290614
Rv2110c	Rv2109c	90.02583474290614
Rv2462c	Rv0701	261.0442170327373
Rv2785c	Rv1641	146.06511911205214
Rv2890c	Rv1641	262.4287458524356
Rv3443c	Rv1643	139.86473528475807
Rv0005	Rv0006	491.2999245305183
Rv0006	Rv0005	491.2999245305183
Rv0350	Rv0352	3768.9462994200644
Rv0352	Rv0350	3768.9462994200644
Rv0639	Rv1297	447.87551822005014
Rv0641	Rv0701	333.72359452897416
Rv0641	Rv2890c	298.5366256074881
Rv0682	Rv0683	212.00678525112536
Rv0683	Rv0682	212.00678525112536
Rv0683	Rv1641	241.1005971895713
Rv0701	Rv0641	333.72359452897416
Rv0701	Rv2904c	223.6363813803812
Rv0701	Rv3443c	210.52462014246188
Rv0705	Rv1641	179.74433405962495
Rv0705	Rv3460c	103.53465978374807
Rv0951	Rv0952	216.55852577372482
Rv0952	Rv0951	216.55852577372482
Rv1297	Rv0639	447.87551822005014
Rv1383	Rv1384	46.31818242730677
Rv1384	Rv1383	46.31818242730677
Rv1594	Rv1595	832.1323486858539
Rv1595	Rv1594	832.1323486858539
Rv1641	Rv0683	241.1005971895713
Rv1641	Rv0705	179.74433405962495
Rv1641	Rv3460c	171.88050851886933
Rv2457c	Rv2460c	283.5555975548733
Rv2457c	Rv2461c	232.48003649579456
Rv2460c	Rv2457c	283.5555975548733
Rv2461c	Rv2457c	232.48003649579456
Rv2496c	Rv2497c	225.60771196042506
Rv2497c	Rv2496c	225.60771196042506
Rv2592c	Rv2593c	20.370939985996113
Rv2593c	Rv2592c	20.370939985996113
Rv2890c	Rv0641	298.5366256074881
Rv2904c	Rv0701	223.6363813803812
Rv3443c	Rv0701	210.52462014246188
Rv3460c	Rv0705	103.53465978374807
Rv3460c	Rv1641	171.88050851886933
Rv0022c	Rv1469	40.41206136977297
Rv0022c	Rv3451	44.86842553768295
Rv0022c	Rv3492c	22.14149792895455
Rv0023	Rv0006	128.30495105567323
Rv0023	Rv0173	31.249315751652755
Rv0023	Rv0412c	69.99632267191163
Rv0023	Rv0657c	17.898897366917463
Rv0023	Rv0961	16.50324732168935
Rv0023	Rv1221	170.36006763386652
Rv0023	Rv1503c	15.335046586329737
Rv0023	Rv1805c	21.056537469889296
Rv0023	Rv1954c	51.05137302897449
Rv0023	Rv1986	54.54325867418998
Rv0023	Rv1994c	43.247782586595825
Rv0023	Rv2107	13.220602324635983
Rv0023	Rv2640c	31.88410665424507
Rv0023	Rv3150	40.51835757265796
Rv0023	Rv3252c	65.40737195369286
Rv0023	Rv3269	45.581945663071764
Rv0023	Rv3290c	191.10481869772389
Rv0023	Rv3526	103.42460588867306
Rv0023	Rv3868	102.46786552564906
Rv0023	Rv3876	82.92043762367345
Rv0135c	Rv2204c	206.36925507104476
Rv0135c	Rv3312A	30.837984848108512
Rv0238	Rv3030	37.24378297563218
Rv0238	Rv3139	108.2742886850454
Rv0302	Rv0807	14.266126778588049
Rv0324	Rv0034	8.056000558477692
Rv0324	Rv0097	23.523511430437857
Rv0324	Rv0331	79.70731235473035
Rv0324	Rv0632c	61.32620152353629
Rv0324	Rv1754c	18.609414345424426
Rv0324	Rv1936	52.69771638489705
Rv0324	Rv1986	49.6040236759643
Rv0324	Rv1994c	39.33142396520582
Rv0324	Rv2367c	35.76391474988245
Rv0324	Rv2412	42.99977856715497
Rv0324	Rv3219	123.73603409402189
Rv0324	Rv3269	41.45421389971818
Rv0324	Rv3290c	173.79907584726908
Rv0324	Rv3406	40.9871485839848
Rv0324	Rv3503c	30.446496536629088
Rv0324	Rv3574	29.15350631988734
Rv0465c	Rv0929	56.15875316213114
Rv0465c	Rv3139	197.4419449515219
Rv0472c	Rv0824c	173.85731810312646
Rv0472c	Rv1094	107.96091109954263
Rv0472c	Rv1177	78.78702420144258
Rv0757	Rv0821c	109.24743528234121
Rv0757	Rv1102c	49.49457415226371
Rv0757	Rv1103c	49.328732806076374
Rv0757	Rv1517	26.58599714494652
Rv0757	Rv2289	58.126110054536056
Rv0757	Rv2391	135.94576118199268
Rv0757	Rv3197	167.25146118781706
Rv0757	Rv3312A	34.23171949128667
Rv0757	Rv3767c	69.38456094217877
Rv0767c	Rv0217c	31.85620778711362
Rv0767c	Rv0903c	63.31629360860653
Rv0767c	Rv2050	70.87834223300067
Rv0767c	Rv3197	123.22411788124383
Rv1049	Rv0549c	23.694276422110125
Rv1049	Rv0730	42.38101709740954
Rv1049	Rv1177	61.99381128727891
Rv1049	Rv1986	51.80932243877543
Rv1404	Rv1386	46.924822018207045
Rv1719	Rv3067	12.19915639477772
Rv1846c	Rv1451	124.44919833273623
Rv1956	Rv1954c	62.04240724154039
Rv1994c	Rv0077c	94.29665556754023
Rv1994c	Rv0318c	19.730667936972687
Rv1994c	Rv1986	65.36058498840052
Rv2009	Rv2010	50.58758381509192
Rv2011c	Rv0472c	49.43538399126731
Rv2011c	Rv0757	71.04149247779554
Rv2011c	Rv0774c	53.91136325923801
Rv2011c	Rv2012	30.905088299236073
Rv2011c	Rv3076	29.403221824946527
Rv2017	Rv2016	81.3753988013204
Rv2887	Rv2964	11.844245625132043
Rv2912c	Rv2913c	244.5067320845794
Rv3249c	Rv0097	34.46077960648432
Rv3249c	Rv0634c	55.84621481660957
Rv3249c	Rv2107	17.61367644367094
Rv3249c	Rv2108	44.5215272933051
Rv3249c	Rv2887	34.602347391442684
Rv3249c	Rv3252c	87.14158843401293
Rv3249c	Rv3554	45.791746099535324
Rv3574	Rv1960c	19.560580345548924
Rv3574	Rv2556c	46.15678412569116
Rv3574	Rv3371	24.29376984534878
Rv3574	Rv3537	62.88897960841949
Rv3681c	Rv0757	60.336624431383946
Rv3862c	Rv3872	847.3339630930468
Rv3862c	Rv3881c	1133.2830574229222
Rv0022c	Rv0350	632.0493407676654
Rv0022c	Rv0351	317.9525274231993
Rv0022c	Rv0474	23.794616939278015
Rv0022c	Rv0592	23.477344839157624
Rv0022c	Rv0593	20.525173976197294
Rv0022c	Rv0700	110.30464667058646
Rv0022c	Rv0701	112.5678882893671
Rv0022c	Rv0790c	36.77136933711397
Rv0022c	Rv0791c	45.406625782230854
Rv0022c	Rv0792c	76.2483729831578
Rv0022c	Rv1217c	30.771998529904007
Rv0022c	Rv2011c	45.18373026372904
Rv0022c	Rv3160c	44.47511677311186
Rv0022c	Rv3161c	107.98190181267857
Rv0022c	Rv3249c	53.05241161957352
Rv0022c	Rv3251c	31.699498381823016
Rv0022c	Rv3252c	72.16789901004653
Rv0022c	Rv3290c	210.85747438186016
Rv0022c	Rv3504	68.43528932624099
Rv0022c	Rv3578	25.29738469539266
Rv0022c	Rv3597c	165.2651227655919
Rv0135c	Rv0350	895.237473790465
Rv0135c	Rv0351	450.349362108219
Rv0135c	Rv0768	154.83605286471493
Rv0135c	Rv0839	72.1323519266846
Rv0135c	Rv1515c	42.19400049688101
Rv0135c	Rv1516c	37.54133736399375
Rv0135c	Rv1702c	36.198316439846835
Rv0135c	Rv2011c	63.99843481934682
Rv0135c	Rv2641	116.04564614784688
Rv0135c	Rv3175	46.06807377002277
Rv0135c	Rv3290c	298.6594566591647
Rv0135c	Rv3831	25.514916574914462
Rv0144	Rv0094c	69.65398286266263
Rv0144	Rv0350	976.157381125303
Rv0144	Rv0351	491.05613513437817
Rv0144	Rv0474	36.7491736137472
Rv0144	Rv0768	168.83157853999222
Rv0144	Rv1217c	47.52526671487272
Rv0144	Rv1297	243.84184925361424
Rv0144	Rv1702c	39.470257681970416
Rv0144	Rv1715	28.560818431820238
Rv0144	Rv1716	26.8957687330543
Rv0144	Rv1717	15.678491718498426
Rv0144	Rv2641	126.53493330104872
Rv0144	Rv2930	284.6160103798892
Rv0144	Rv2934	171.01223414148004
Rv0144	Rv2937	47.722275942022065
Rv0144	Rv3290c	325.65508213852127
Rv0144	Rv3394c	38.996504146453006
Rv0144	Rv3504	105.69366740279872
Rv0144	Rv3597c	255.24078426262164
Rv0144	Rv3879c	277.3606077828791
Rv0196	Rv0440	781.1625737846745
Rv0196	Rv0474	21.027314340027047
Rv0196	Rv0672	103.1825592856859
Rv0196	Rv0673	56.66964955382477
Rv0196	Rv0700	97.47626888161268
Rv0196	Rv0701	99.47629657976718
Rv0196	Rv0888	20.306421318571832
Rv0196	Rv1217c	27.19322978009558
Rv0196	Rv1702c	22.58427697133817
Rv0196	Rv2011c	39.92888398812995
Rv0196	Rv3160c	39.30268190844044
Rv0196	Rv3161c	95.42365814265649
Rv0196	Rv3290c	186.33485069695365
Rv0238	Rv0474	28.95843058931614
Rv0238	Rv1217c	37.45001593414187
Rv0238	Rv1702c	31.10265089058188
Rv0238	Rv2011c	54.98932468413513
Rv0238	Rv2516c	56.34407193751112
Rv0238	Rv2517c	51.776719898585355
Rv0238	Rv3160c	54.1269306966607
Rv0238	Rv3161c	131.41570702838487
Rv0238	Rv3290c	256.616929438616
Rv0260c	Rv0700	29.591595281542933
Rv0260c	Rv0701	30.19875855189281
Rv0260c	Rv1217c	8.25525083472272
Rv0260c	Rv1702c	6.856076781865562
Rv0260c	Rv1715	4.961081473023344
Rv0260c	Rv1716	4.671858416200587
Rv0260c	Rv1717	2.7233909621768233
Rv0260c	Rv2011c	12.121508020125948
Rv0260c	Rv2516c	12.42014015993432
Rv0260c	Rv2517c	11.413341209618242
Rv0260c	Rv2641	21.979416128729948
Rv0260c	Rv3160c	11.931407201544781
Rv0260c	Rv3161c	28.96846898675717
Rv0260c	Rv3504	18.35923912403437
Rv0260c	Rv3597c	44.335925771456914
Rv0275c	Rv0331	119.39003333097918
Rv0275c	Rv0350	780.3318855625686
Rv0275c	Rv0351	392.5460865795467
Rv0275c	Rv0440	1091.3516484392414
Rv0275c	Rv0700	136.18277462045737
Rv0275c	Rv0701	138.97698622064948
Rv0275c	Rv0751c	77.88940233395431
Rv0275c	Rv0752c	131.4732755345337
Rv0275c	Rv0753c	248.91767942944165
Rv0275c	Rv0839	62.874014813846905
Rv0275c	Rv1297	194.92509475038398
Rv0275c	Rv1517	20.876194283816005
Rv0275c	Rv1518	17.559457904791774
Rv0275c	Rv1936	78.9335624272365
Rv0275c	Rv2011c	55.78410285282894
Rv0275c	Rv2516c	57.15843069838834
Rv0275c	Rv2517c	52.52506527031606
Rv0275c	Rv2640c	43.43301581931679
Rv0275c	Rv3175	40.15514086669174
Rv0275c	Rv3290c	260.32589539531
Rv0275c	Rv3504	84.49061634033988
Rv0275c	Rv3515c	103.83480055386435
Rv0275c	Rv3597c	204.0373061836776
Rv0302	Rv0077c	92.96897991611579
Rv0302	Rv0118c	37.679930186287066
Rv0302	Rv0980c	50.98176477922705
Rv0302	Rv2516c	49.57368341441055
Rv0302	Rv2517c	45.55515127369162
Rv0302	Rv3290c	225.78145280087162
Rv0302	Rv3597c	176.9621855934542
Rv0324	Rv0282	131.2503083625174
Rv0324	Rv0283	86.2486387465116
Rv0324	Rv0350	520.9660773815384
Rv0324	Rv0351	262.0720730505414
Rv0324	Rv0672	96.24089847032273
Rv0324	Rv0673	52.85716914578434
Rv0324	Rv0700	90.9185017472481
Rv0324	Rv0701	92.78397653260384
Rv0324	Rv0768	90.10383664642143
Rv0324	Rv0824c	130.97717196830874
Rv0324	Rv1217c	25.363790978475908
Rv0324	Rv1702c	21.064907888224187
Rv0324	Rv2011c	37.242647367325034
Rv0324	Rv3504	56.40772315569569
Rv0324	Rv3578	20.851345650900644
Rv0324	Rv3831	14.847910629198639
Rv0328	Rv0824c	91.1363928611979
Rv0328	Rv1049	21.693412702255745
Rv0328	Rv1217c	17.64860535867269
Rv0328	Rv1355c	20.305332298034212
Rv0328	Rv3160c	25.507728509955317
Rv0328	Rv3161c	61.930653256691556
Rv0328	Rv3269	28.844625875957757
Rv0328	Rv3270	72.1267761307712
Rv0353	Rv1073	216.62123543988656
Rv0353	Rv1217c	53.668658200518394
Rv0353	Rv2641	142.89157231881856
Rv0353	Rv3160c	77.56791741052149
Rv0353	Rv3161c	188.32848229193846
Rv0377	Rv0022c	25.400420617601775
Rv0377	Rv0331	55.90580311925842
Rv0377	Rv0700	63.76920395908889
Rv0377	Rv0701	65.07762677492669
Rv0377	Rv1217c	17.789874766948465
Rv0377	Rv1297	91.27599403467211
Rv0377	Rv1560	12.209213610614485
Rv0377	Rv1702c	14.774687018467581
Rv0377	Rv1715	10.691015921950228
Rv0377	Rv1716	10.067746918548265
Rv0377	Rv1717	5.868844584925601
Rv0377	Rv1994c	27.58661382048701
Rv0377	Rv2011c	26.121569650868768
Rv0377	Rv2516c	26.765115010657375
Rv0377	Rv2517c	24.59548654021977
Rv0377	Rv3160c	25.711906780126096
Rv0377	Rv3161c	62.42638119450312
Rv0377	Rv3269	29.075514557902828
Rv0377	Rv3270	72.7041195966007
Rv0377	Rv3290c	121.90069680664442
Rv0377	Rv3394c	14.597349432593152
Rv0377	Rv3504	39.56373602353445
Rv0377	Rv3597c	95.54289541796021
Rv0472c	Rv0350	691.5232912356313
Rv0472c	Rv0351	347.8709082321478
Rv0472c	Rv0474	26.033619146814594
Rv0472c	Rv0672	127.74886072463163
Rv0472c	Rv0673	70.16188800009293
Rv0472c	Rv1217c	33.66755145326441
Rv0472c	Rv1297	172.74091391129582
Rv0472c	Rv2011c	49.43538399126731
Rv0472c	Rv2641	89.639084049901
Rv0472c	Rv3175	35.585134589426644
Rv0472c	Rv3290c	230.69853136636053
Rv0472c	Rv3504	74.87484514114992
Rv0474	Rv0077c	47.02120992655603
Rv0474	Rv0123	11.596075303245549
Rv0474	Rv0672	63.23480787077556
Rv0474	Rv0673	34.729652244024294
Rv0474	Rv0768	59.20246890165071
Rv0474	Rv0824c	86.05817730834572
Rv0474	Rv0839	27.580225940489864
Rv0474	Rv1217c	16.66520652748283
Rv0474	Rv1936	34.62488426222619
Rv0474	Rv1994c	25.84259994716015
Rv0474	Rv2011c	24.470175240498733
Rv0474	Rv2642	29.494897984150338
Rv0474	Rv2643	38.813380478958976
Rv0474	Rv3160c	24.0864110804355
Rv0474	Rv3161c	58.479812196464266
Rv0474	Rv3290c	114.19418712834836
Rv0474	Rv3504	37.06253363042147
Rv0474	Rv3831	9.755777334200044
Rv0485	Rv0331	224.55357838338125
Rv0485	Rv0700	256.1380418617094
Rv0485	Rv0701	261.3935074653083
Rv0485	Rv0768	253.84294548760823
Rv0485	Rv1217c	71.45555228656357
Rv0485	Rv1297	366.6229610772769
Rv0485	Rv1642	99.28836239761962
Rv0485	Rv2011c	104.92098513602608
Rv0485	Rv3269	116.7859233394335
Rv0485	Rv3270	292.02639632603785
Rv0485	Rv3597c	383.76157497362715
Rv0602c	Rv0350	243.2874078478208
Rv0602c	Rv0351	122.38577153090925
Rv0602c	Rv1217c	11.844707800097577
Rv0602c	Rv1702c	9.837160343409309
Rv0602c	Rv2011c	17.39204822111909
Rv0602c	Rv2516c	17.82052828872286
Rv0602c	Rv2517c	16.37596414177051
Rv0602c	Rv3290c	81.16291728964556
Rv0650	Rv0700	42.10842174652753
Rv0650	Rv0701	42.972406496712324
Rv0650	Rv0768	41.73111392701294
Rv0650	Rv0790c	14.037344527004528
Rv0650	Rv0791c	17.333824151895644
Rv0650	Rv0792c	29.107555701164305
Rv0650	Rv0824c	60.661382341531386
Rv0650	Rv1217c	11.74710523256902
Rv0650	Rv2011c	17.248734549763874
Rv0650	Rv2560	9.679779877683497
Rv0650	Rv3290c	80.49411994577929
Rv0650	Rv3504	26.12493772724641
Rv0757	Rv0123	33.66557404395111
Rv0757	Rv0169	65.8658295161606
Rv0757	Rv0173	54.211056232866405
Rv0757	Rv0253	18.593629116009907
Rv0757	Rv1217c	48.38220946630829
Rv0757	Rv1514c	34.171666447837715
Rv0757	Rv1702c	40.18195807958804
Rv0757	Rv2641	128.81652373474918
Rv0757	Rv3160c	69.92735339123688
Rv0757	Rv3161c	169.77782534970265
Rv0757	Rv3504	107.59946253903362
Rv0757	Rv3569c	76.76549384777604
Rv0757	Rv3570c	127.3957631841173
Rv0757	Rv3578	39.7745815596881
Rv0792c	Rv0440	1534.0630118192048
Rv0792c	Rv0824c	275.76808731162413
Rv0792c	Rv1217c	53.402619861104704
Rv0792c	Rv2516c	80.34498731314332
Rv0792c	Rv2517c	73.83207780903197
Rv0792c	Rv3061c	160.8769633612463
Rv0792c	Rv3175	56.444241804259335
Rv0792c	Rv3504	118.76458844304268
Rv0821c	Rv0077c	137.3081570715972
Rv0821c	Rv0328	39.850699110544205
Rv0821c	Rv1000c	48.63964407033164
Rv0821c	Rv1217c	48.664608994118645
Rv0821c	Rv1821	213.53658856642068
Rv0821c	Rv2011c	71.45615076132522
Rv0821c	Rv2641	129.56840600466074
Rv0821c	Rv3160c	70.33550861598874
Rv0821c	Rv3161c	170.7687924477392
Rv0821c	Rv3804c	283.1718061367981
Rv0823c	Rv0077c	166.37458676945963
Rv0823c	Rv0331	185.3053208661238
Rv0823c	Rv0350	1211.1534472511
Rv0823c	Rv0351	609.2709458142801
Rv0823c	Rv0592	44.98804966668079
Rv0823c	Rv0593	39.331004105639714
Rv0823c	Rv1217c	58.96630167042439
Rv0823c	Rv1702c	48.97216327996123
Rv0823c	Rv2011c	86.58252946219811
Rv0823c	Rv3160c	85.22466130765302
Rv0823c	Rv3161c	206.91842263819365
Rv0823c	Rv3249c	101.66075189634616
Rv0823c	Rv3251c	60.74360697005846
Rv0823c	Rv3252c	138.29046884334426
Rv0823c	Rv3290c	404.0519315565993
Rv0823c	Rv3394c	48.38436028959931
Rv0823c	Rv3597c	316.6863886050632
Rv0891c	Rv0350	289.2466549634711
Rv0891c	Rv0351	145.505578540185
Rv0891c	Rv0700	50.47904968565223
Rv0891c	Rv0701	51.514783805414645
Rv0891c	Rv0790c	16.82779316923019
Rv0891c	Rv0791c	20.77957174156154
Rv0891c	Rv0792c	34.89377396549255
Rv0891c	Rv1049	17.309740296432423
Rv0891c	Rv1217c	14.082282928268075
Rv0891c	Rv1297	72.25314339723397
Rv0891c	Rv2516c	21.18699131530563
Rv0891c	Rv2517c	19.46953560692187
Rv0891c	Rv2641	37.493755516310735
Rv0894	Rv0022c	15.871961871333445
Rv0894	Rv0350	228.32731712502456
Rv0894	Rv0351	114.86009537085471
Rv0894	Rv0672	42.18014780516568
Rv0894	Rv0673	23.166068091304574
Rv0894	Rv0700	39.84746508892686
Rv0894	Rv0701	40.6650593074324
Rv0894	Rv0824c	57.404248718952545
Rv0894	Rv1217c	11.11635977402419
Rv0894	Rv1297	57.035634129713834
Rv0894	Rv1702c	9.232259282174978
Rv0894	Rv2011c	16.322586297278225
Rv0894	Rv2516c	16.7247185125991
Rv0894	Rv2517c	15.368982681441969
Rv0894	Rv3160c	16.06660024246373
Rv0894	Rv3161c	39.008375373038675
Rv0894	Rv3269	18.16841797228499
Rv0894	Rv3270	45.43062618917632
Rv0894	Rv3290c	76.17209340475547
Rv0894	Rv3504	24.72219334895131
Rv0894	Rv3597c	59.70189297179608
Rv1049	Rv0077c	74.74605427818395
Rv1049	Rv0350	544.1272195788148
Rv1049	Rv0351	273.72328953735536
Rv1049	Rv0474	20.48463295664065
Rv1049	Rv0768	94.10967860752775
Rv1049	Rv0790c	31.65623578249146
Rv1049	Rv0791c	39.090272615952344
Rv1049	Rv0792c	65.64173477080631
Rv1049	Rv1217c	26.49141597177129
Rv1049	Rv2011c	38.89838329510966
Rv1049	Rv3504	58.9155012121868
Rv1049	Rv3597c	142.27568315247808
Rv1221	Rv0350	2704.0357454192344
Rv1221	Rv0351	1360.265637575844
Rv1221	Rv0474	101.7982151112108
Rv1221	Rv1217c	131.64887393409236
Rv1221	Rv1702c	109.33584042556764
Rv1221	Rv2011c	193.3051960723675
Rv1221	Rv3290c	902.091199438427
Rv1221	Rv3504	292.78009903705606
Rv1267c	Rv0328	13.048666678027509
Rv1267c	Rv0350	327.29450253751656
Rv1267c	Rv0351	164.64555467636342
Rv1267c	Rv1049	19.586684036466853
Rv1267c	Rv1244	17.744986869669088
Rv1267c	Rv1297	81.75740745543297
Rv1267c	Rv1514c	11.254440050844103
Rv1267c	Rv1921c	9.34428113946272
Rv1267c	Rv2011c	23.39751909478311
Rv1267c	Rv2560	13.130402921326036
Rv1267c	Rv2641	42.42572852406523
Rv1267c	Rv3290c	109.18845687000933
Rv1267c	Rv3597c	85.57934112654831
Rv1267c	Rv3839	7.115141208144885
Rv1267c	Rv3841	75.56073547086852
Rv1332	Rv0077c	117.08206114898547
Rv1332	Rv0328	33.98051572171089
Rv1332	Rv0350	852.3197245763979
Rv1332	Rv0351	428.75958113106634
Rv1332	Rv0474	32.087085687731566
Rv1332	Rv0672	157.4536608784528
Rv1332	Rv0673	86.47627898280403
Rv1332	Rv0768	147.41320129661892
Rv1332	Rv0824c	214.2834859784297
Rv1332	Rv0839	68.67432176056262
Rv1332	Rv1049	51.006408643887234
Rv1332	Rv1217c	41.49609788346269
Rv1332	Rv1297	212.9074899341073
Rv1332	Rv1702c	34.46296653278921
Rv1332	Rv2011c	60.93034522738631
Rv1332	Rv2115c	166.2766936183613
Rv1332	Rv2641	110.48240948208222
Rv1332	Rv3269	67.82062346770174
Rv1332	Rv3270	169.58732440976155
Rv1332	Rv3290c	284.34170071555275
Rv1332	Rv3394c	34.04931450216704
Rv1332	Rv3597c	222.86032882586625
Rv1358	Rv0592	13.280152887601508
Rv1358	Rv0593	11.610233197831242
Rv1358	Rv1217c	17.406433646303118
Rv1358	Rv2011c	25.558548040477593
Rv1358	Rv2516c	26.188222490145915
Rv1358	Rv2517c	24.065357967346337
Rv1358	Rv2641	46.34423061017415
Rv1358	Rv3160c	25.157715000877758
Rv1358	Rv3161c	61.08084943125958
Rv1358	Rv3249c	30.00953226145067
Rv1358	Rv3251c	17.931081553513145
Rv1358	Rv3252c	40.822364666718904
Rv1358	Rv3269	28.44882392452437
Rv1358	Rv3270	71.137062522908
Rv1358	Rv3290c	119.27326179637502
Rv1358	Rv3504	38.71098334952656
Rv1358	Rv3597c	93.48357373252442
Rv1404	Rv0077c	99.77239835232811
Rv1404	Rv0672	134.1753742719578
Rv1404	Rv0673	73.69144060182225
Rv1404	Rv0790c	42.25532166649505
Rv1404	Rv0791c	52.178409801067275
Rv1404	Rv0792c	87.61978639991264
Rv1404	Rv1217c	35.36122585703142
Rv1404	Rv1702c	29.367887715411918
Rv1404	Rv2011c	51.92227243109427
Rv1404	Rv3269	57.7938771722881
Rv1404	Rv3270	144.51517098751418
Rv1404	Rv3597c	189.91218028055556
Rv1453	Rv0077c	51.49945697885355
Rv1453	Rv0328	14.946594639316105
Rv1453	Rv0350	374.8994727056943
Rv1453	Rv0351	188.59324294464687
Rv1453	Rv0700	65.42709754837283
Rv1453	Rv0701	66.76953718837926
Rv1453	Rv0824c	94.25426114921561
Rv1453	Rv1049	22.435566318388613
Rv1453	Rv1217c	18.25238201965323
Rv1453	Rv1297	93.64901856643019
Rv1453	Rv1515c	17.66962286626409
Rv1453	Rv1516c	15.7212225744272
Rv1453	Rv1702c	15.158804388151365
Rv1453	Rv2516c	27.460963630958236
Rv1453	Rv2517c	25.23492841699951
Rv1453	Rv2641	48.59654876422439
Rv1453	Rv3269	29.831429736358
Rv1453	Rv3270	74.5943061805679
Rv1453	Rv3290c	125.06991284225053
Rv1453	Rv3504	40.592327573205054
Rv1453	Rv3569c	28.960089567895054
Rv1453	Rv3570c	48.060561164347526
Rv1453	Rv3597c	98.02685231221098
Rv1453	Rv3839	8.150038165869628
Rv1460	Rv0350	1491.8266158244583
Rv1460	Rv0351	750.4636305806121
Rv1460	Rv0672	275.5932489702923
Rv1460	Rv0673	151.3605879391386
Rv1460	Rv0700	260.35215471062793
Rv1460	Rv0701	265.6940858972625
Rv1460	Rv0768	258.01929824806314
Rv1460	Rv1049	89.27719938710523
Rv1460	Rv1217c	72.63117523904933
Rv1460	Rv1872c	530.2504649108794
Rv1460	Rv1936	150.9039826379759
Rv1460	Rv2011c	106.64719834656371
Rv1460	Rv2516c	109.27461739326343
Rv1460	Rv2517c	100.41661992535802
Rv1460	Rv3290c	497.6870825406221
Rv1460	Rv3394c	59.596970667499114
Rv1460	Rv3504	161.52787368551705
Rv1460	Rv3597c	390.07541485568083
Rv1474c	Rv0328	21.840952554995372
Rv1474c	Rv0331	83.81714600290108
Rv1474c	Rv1217c	26.671587697860883
Rv1474c	Rv1982c	18.55251120051049
Rv1474c	Rv2011c	39.16293649482698
Rv1474c	Rv3597c	143.2433194404543
Rv1474c	Rv3839	11.90937475710553
Rv1479	Rv0672	274.0473035512891
Rv1479	Rv0673	150.51152792617955
Rv1479	Rv1049	88.77639728861547
Rv1479	Rv1297	370.564413661721
Rv1479	Rv1397c	197.50427382575796
Rv1479	Rv1398c	355.06128065538326
Rv1479	Rv1515c	69.91780092619162
Rv1479	Rv1516c	62.20807985516189
Rv1479	Rv1936	150.05748396088507
Rv1479	Rv2516c	108.66163940921035
Rv1479	Rv2517c	99.8533310416665
Rv1479	Rv2841c	126.28202067217758
Rv1479	Rv2842c	117.98745246130471
Rv1479	Rv3076	67.10592783492143
Rv1479	Rv3175	76.33735538168887
Rv1479	Rv3290c	494.895297661183
Rv1479	Rv3504	160.621780095422
Rv1479	Rv3770A	22.13469570736426
Rv1479	Rv3839	32.249287397644224
Rv1479	Rv3841	342.47807638560494
Rv1675c	Rv0022c	11.782333069838735
Rv1675c	Rv0282	42.70212080416019
Rv1675c	Rv0283	28.060884861126194
Rv1675c	Rv0350	169.4956503246514
Rv1675c	Rv0351	85.26481546916395
Rv1675c	Rv0474	6.380963972607657
Rv1675c	Rv0824c	42.61325622588205
Rv1675c	Rv1217c	8.25207711834722
Rv1675c	Rv1702c	6.853440975444907
Rv1675c	Rv1936	17.14513496574679
Rv1675c	Rv3175	8.722085872693938
Rv1675c	Rv3219	40.25736123313793
Rv1675c	Rv3269	13.487075740027691
Rv1675c	Rv3270	33.72480186579755
Rv1675c	Rv3290c	56.54530816021266
Rv1675c	Rv3569c	13.093134485744953
Rv1675c	Rv3570c	21.728641042697948
Rv1675c	Rv3841	39.13055642043902
Rv1719	Rv0672	53.869661261368385
Rv1719	Rv0673	29.586151442635284
Rv1719	Rv0839	23.495563265763302
Rv1719	Rv1297	72.84209397717537
Rv1719	Rv1702c	11.790823552945978
Rv1719	Rv2011c	20.84611459413015
Rv1719	Rv2641	37.7993750093494
Rv1719	Rv3290c	97.28189877942918
Rv1719	Rv3890c	14.372238594045056
Rv1956	Rv0282	175.39036045081227
Rv1956	Rv0283	115.25443274663267
Rv1956	Rv0474	26.208524309880918
Rv1956	Rv0700	121.4947910754897
Rv1956	Rv0701	123.98763318075733
Rv1956	Rv0768	120.40615054227253
Rv1956	Rv0824c	175.0253670939953
Rv1956	Rv1049	41.661705083243575
Rv1956	Rv1217c	33.89374468993153
Rv1956	Rv1297	173.9014624138108
Rv1956	Rv1715	20.36880916147844
Rv1956	Rv1716	19.181340404604338
Rv1956	Rv1717	11.181479498434724
Rv1956	Rv2516c	50.99361218963116
Rv1956	Rv2517c	46.85997806278268
Rv1956	Rv2641	90.24131835794887
Rv1956	Rv3175	35.8242109826473
Rv1956	Rv3290c	232.24846432113878
Rv1956	Rv3504	75.37788687826394
Rv1956	Rv3597c	182.03087692610248
Rv1956	Rv3839	15.134206182499739
Rv1994c	Rv0022c	47.717887340399116
Rv1994c	Rv0217c	29.867286700758974
Rv1994c	Rv0672	126.81151563270375
Rv1994c	Rv0673	69.64708183286581
Rv1994c	Rv0700	119.79847641570437
Rv1994c	Rv0701	122.25651336948968
Rv1994c	Rv0768	118.72503552091932
Rv1994c	Rv1049	41.08002285260006
Rv1994c	Rv1297	171.4734439165621
Rv1994c	Rv1702c	27.756109288534244
Rv1994c	Rv1715	20.084419112513153
Rv1994c	Rv1716	18.913529837298235
Rv1994c	Rv1717	11.025363277950023
Rv1994c	Rv1872c	243.989522136454
Rv1994c	Rv1936	69.43697940654472
Rv1994c	Rv2846c	171.5269456019272
Rv1994c	Rv3290c	229.00580287653585
Rv1994c	Rv3504	74.32545810001457
Rv1994c	Rv3526	123.93635634163611
Rv1994c	Rv3527	43.45519773255785
Rv1994c	Rv3578	27.474709681637798
Rv1994c	Rv3597c	179.48935524990594
Rv1994c	Rv3831	19.56430250335024
Rv1994c	Rv3841	158.47688838618083
Rv2017	Rv0108c	48.39337473007833
Rv2017	Rv0282	217.74475380039985
Rv2017	Rv0283	143.086815138044
Rv2017	Rv0328	34.45753768115069
Rv2017	Rv0331	132.23473012219475
Rv2017	Rv0350	864.2846761508926
Rv2017	Rv0351	434.7785520376512
Rv2017	Rv0855	45.425839174361734
Rv2017	Rv0927c	24.17877088053692
Rv2017	Rv1013	211.74381278167817
Rv2017	Rv2011c	61.78569165319529
Rv2017	Rv3175	44.47527207572936
Rv2017	Rv3290c	288.3333186279059
Rv2017	Rv3504	93.58062426073292
Rv2017	Rv3578	34.59246063347928
Rv2017	Rv3839	18.78891172070474
Rv2282c	Rv1051c	4.847843034862641
Rv2282c	Rv2115c	44.392389537693376
Rv2282c	Rv2556c	20.642183267826304
Rv2374c	Rv0077c	155.59476822223579
Rv2374c	Rv0790c	65.89705258599608
Rv2374c	Rv0791c	81.37207998681386
Rv2374c	Rv0792c	136.64280484100536
Rv2374c	Rv0824c	284.76940880157525
Rv2374c	Rv0908	93.48080740469253
Rv2374c	Rv1217c	55.14573000289663
Rv2374c	Rv1297	282.9407957459969
Rv2374c	Rv1715	33.14041752468533
Rv2374c	Rv1716	31.208384577233904
Rv2374c	Rv1717	18.19246752150038
Rv2374c	Rv2011c	80.97263449515326
Rv2374c	Rv3160c	79.7027459569743
Rv2374c	Rv3161c	193.5116692786298
Rv2374c	Rv3290c	377.8724134558518
Rv2640c	Rv0328	20.17652196395639
Rv2640c	Rv0350	506.07965411900784
Rv2640c	Rv0351	254.58345531879223
Rv2640c	Rv0672	93.49084849202788
Rv2640c	Rv0673	51.346794043593086
Rv2640c	Rv0768	87.52915106105999
Rv2640c	Rv1049	30.285941883112475
Rv2640c	Rv1217c	24.639029531539276
Rv2640c	Rv2011c	36.178451758056724
Rv2640c	Rv2516c	37.06976399788068
Rv2640c	Rv2517c	34.06482210504069
Rv2640c	Rv2641	65.60085137618447
Rv2640c	Rv3175	26.042380398520777
Rv2640c	Rv3269	40.26967425132427
Rv2640c	Rv3270	100.6954221585273
Rv2640c	Rv3290c	168.8328281047999
Rv2640c	Rv3504	54.795892215777585
Rv2640c	Rv3597c	132.32719468635648
Rv2640c	Rv3831	14.423636781462868
Rv2642	Rv0096	27.24266602209524
Rv2642	Rv0097	35.376256080780415
Rv2642	Rv0099	45.71786928000325
Rv2642	Rv0100	30.313393867924745
Rv2642	Rv0282	197.38313869696728
Rv2642	Rv0283	129.70656782844605
Rv2642	Rv0592	29.10161961156091
Rv2642	Rv0593	25.4422214099844
Rv2642	Rv0700	136.72942535823032
Rv2642	Rv0701	139.53485319217148
Rv2642	Rv1217c	38.1437936035747
Rv2642	Rv1702c	31.67884088969958
Rv2642	Rv2011c	56.00802559978052
Rv2642	Rv2641	101.5569761750935
Rv2642	Rv3249c	65.76174235229995
Rv2642	Rv3251c	39.29348698096663
Rv2642	Rv3252c	89.45657013364692
Rv2642	Rv3290c	261.3708685439029
Rv2642	Rv3504	84.82976978971011
Rv2642	Rv3597c	204.85633152861834
Rv2703	Rv0077c	245.0929709440266
Rv2703	Rv0351	897.541079554526
Rv2703	Rv0474	67.16929205862235
Rv2703	Rv0768	308.58646583086085
Rv2703	Rv0824c	448.56894119642925
Rv2703	Rv1217c	86.8655865214082
Rv2703	Rv1702c	72.14282676760904
Rv2703	Rv2011c	127.54814175522999
Rv2703	Rv3504	193.18444787748192
Rv2703	Rv3597c	466.52321936824353
Rv2703	Rv3831	50.850934172944065
Rv2710	Rv0077c	579.5423588543118
Rv2710	Rv1217c	205.40077800671486
Rv2710	Rv2011c	301.59800444538894
Rv2710	Rv2516c	309.02833879652076
Rv2710	Rv2517c	283.9779445890609
Rv2710	Rv3160c	296.868062640102
Rv2710	Rv3161c	720.7710809362911
Rv2710	Rv3262	228.44770971806275
Rv2710	Rv3290c	1407.4577978572433
Rv2710	Rv3313c	134.96665488023518
Rv2710	Rv3315c	91.883982858318
Rv2710	Rv3504	456.80041408634435
Rv2710	Rv3597c	1103.1322765870975
Rv2711	Rv0022c	128.66373319495926
Rv2711	Rv0068	62.578422731509384
Rv2711	Rv0118c	103.04887488049525
Rv2711	Rv0328	73.79226438363133
Rv2711	Rv0596c	36.16455364652808
Rv2711	Rv0700	323.017636903283
Rv2711	Rv0701	329.64534463370114
Rv2711	Rv0768	320.12327337243465
Rv2711	Rv0790c	107.68178120767867
Rv2711	Rv0791c	132.9693843608403
Rv2711	Rv0792c	223.28677895404937
Rv2711	Rv1297	462.35101065387664
Rv2711	Rv1311	139.7398884088694
Rv2711	Rv2011c	132.31665407398478
Rv2711	Rv3146	87.6787013827495
Rv2711	Rv3148	113.16831892002146
Rv2711	Rv3149	104.89930103423323
Rv2711	Rv3150	130.9186815447554
Rv2711	Rv3160c	130.24154063021012
Rv2711	Rv3161c	316.2156790730629
Rv2711	Rv3175	95.24566339925886
Rv2711	Rv3219	439.6126263051269
Rv2711	Rv3290c	617.4779137059256
Rv2711	Rv3831	52.752046197682205
Rv2745c	Rv0077c	248.31853675749974
Rv2745c	Rv0592	67.14587174472584
Rv2745c	Rv0593	58.702579392422365
Rv2745c	Rv0700	315.4744162481811
Rv2745c	Rv0701	321.94735143327523
Rv2745c	Rv0790c	105.16715865031307
Rv2745c	Rv0791c	129.8642368641815
Rv2745c	Rv0792c	218.07250811991014
Rv2745c	Rv0824c	454.4723689289181
Rv2745c	Rv1217c	88.00878807945998
Rv2745c	Rv1702c	73.0922682583732
Rv2745c	Rv2011c	129.22674936291878
Rv2745c	Rv2516c	132.41045064980932
Rv2745c	Rv2517c	121.67702083271682
Rv2745c	Rv3160c	127.2000946929152
Rv2745c	Rv3161c	308.8313001124639
Rv2745c	Rv3249c	151.73140109161088
Rv2745c	Rv3251c	90.661463947488
Rv2745c	Rv3252c	206.40223688893005
Rv2745c	Rv3290c	603.0583538410555
Rv2745c	Rv3597c	472.66293582681664
Rv2887	Rv0022c	28.65656636437315
Rv2887	Rv1217c	20.070404917612713
Rv2887	Rv3290c	137.52746304847443
Rv2887	Rv3578	16.499700326572626
Rv2887	Rv3839	8.961820211020806
Rv2912c	Rv0077c	149.48245023172376
Rv2912c	Rv0790c	63.308381098868665
Rv2912c	Rv0791c	78.17549417540413
Rv2912c	Rv0792c	131.27498763322635
Rv2912c	Rv0824c	273.58264975785704
Rv2912c	Rv1217c	52.979408850535066
Rv2912c	Rv1715	31.838543608462828
Rv2912c	Rv1716	29.982407812810894
Rv2912c	Rv1717	17.477802447642315
Rv2912c	Rv3160c	76.57173754600895
Rv2912c	Rv3161c	185.90984004606597
Rv2912c	Rv3269	86.58878117369945
Rv2912c	Rv3270	216.51761621069681
Rv2912c	Rv3290c	363.0282359987699
Rv3055	Rv0282	114.55350141059368
Rv3055	Rv0283	75.27665026905083
Rv3055	Rv1217c	22.137175156996445
Rv3055	Rv2011c	32.504881024306066
Rv3055	Rv2516c	33.305689154646615
Rv3055	Rv2517c	30.60586995384389
Rv3060c	Rv0077c	146.43425184290174
Rv3060c	Rv0592	39.59613978750381
Rv3060c	Rv0593	34.61710272146363
Rv3060c	Rv0672	196.92691437438015
Rv3060c	Rv0673	108.15567381318417
Rv3060c	Rv0700	186.0362932308691
Rv3060c	Rv0701	189.8534042425311
Rv3060c	Rv0768	184.3693357615998
Rv3060c	Rv0790c	62.017416808643596
Rv3060c	Rv0791c	76.58136446304368
Rv3060c	Rv0792c	128.59807000727145
Rv3060c	Rv0824c	268.0038397309354
Rv3060c	Rv1217c	51.8990696639041
Rv3060c	Rv1297	266.28288479290484
Rv3060c	Rv1515c	50.24204441281879
Rv3060c	Rv1516c	44.70193669590093
Rv3060c	Rv1702c	43.10274922555613
Rv3060c	Rv1715	31.189302194642604
Rv3060c	Rv1716	29.371016127390025
Rv3060c	Rv1717	17.121400681558967
Rv3060c	Rv2011c	76.20543600226281
Rv3060c	Rv2516c	78.08287504537532
Rv3060c	Rv2517c	71.75333643944697
Rv3060c	Rv3249c	89.47650260046176
Rv3060c	Rv3251c	53.463361283807394
Rv3060c	Rv3252c	121.71607296094865
Rv3060c	Rv3290c	355.6254801411227
Rv3060c	Rv3597c	278.7308764196758
Rv3095	Rv1217c	36.341596518164266
Rv3095	Rv1625c	53.71813659961571
Rv3095	Rv2641	96.75866774337271
Rv3143	Rv0350	238.1174384012999
Rv3143	Rv0351	119.78501752929044
Rv3143	Rv0672	43.988730184459676
Rv3143	Rv0673	24.159372873947536
Rv3143	Rv0824c	59.865603601094335
Rv3143	Rv1049	14.249952239892908
Rv3143	Rv1217c	11.59300230505701
Rv3143	Rv1297	59.48118371278634
Rv3143	Rv1702c	9.628116156265166
Rv3143	Rv1926c	12.922262748537564
Rv3143	Rv3175	12.2532981910981
Rv3143	Rv3290c	79.43816792308387
Rv3143	Rv3418c	138.1905341199148
Rv3143	Rv3504	25.782221006392014
Rv3143	Rv3597c	62.26176526380503
Rv3143	Rv3841	54.972902491630016
Rv3160c	Rv0700	111.65731604631377
Rv3160c	Rv0701	113.94831186874767
Rv3160c	Rv0768	110.65682311157775
Rv3173c	Rv0253	13.483676771531483
Rv3173c	Rv0790c	41.92605179652909
Rv3173c	Rv0791c	51.7718153762081
Rv3173c	Rv0792c	86.9370190102321
Rv3173c	Rv1217c	35.08567745790483
Rv3173c	Rv1702c	29.139041733702207
Rv3173c	Rv1872c	256.1461620651963
Rv3173c	Rv2011c	51.5176739280546
Rv3173c	Rv2641	93.41481203237024
Rv3219	Rv0077c	296.65577830538984
Rv3219	Rv0331	330.41040253246666
Rv3219	Rv0474	81.30040831902647
Rv3219	Rv0672	398.94701081058884
Rv3219	Rv0673	219.10861147169038
Rv3219	Rv0790c	125.63880936541794
Rv3219	Rv0791c	155.14337658409113
Rv3219	Rv0792c	260.52211191344554
Rv3219	Rv0839	174.00303830960533
Rv3219	Rv1217c	105.14042111533097
Rv3219	Rv1702c	87.3202782660935
Rv3219	Rv1715	63.18526301674283
Rv3219	Rv1716	59.501663983906255
Rv3219	Rv1717	34.68561747640407
Rv3219	Rv2011c	154.3817969077751
Rv3219	Rv2709	114.23083759596975
Rv3219	Rv3160c	151.9606372700905
Rv3219	Rv3161c	368.9478477774632
Rv3219	Rv3597c	564.6706562255061
Rv3219	Rv3831	61.548984438545865
Rv3249c	Rv2011c	54.558634525403114
Rv3249c	Rv3290c	254.6070413974718
Rv3249c	Rv3597c	199.55500309813638
Rv3405c	Rv0768	69.60502499831316
Rv3405c	Rv1217c	19.59347538148279
Rv3405c	Rv2011c	28.769867049928504
Rv3405c	Rv3175	20.709449556869348
Rv3405c	Rv3290c	134.25942189902682
Rv3405c	Rv3597c	105.2293730996567
Rv3557c	Rv0077c	63.31600927000652
Rv3557c	Rv1217c	22.440391742976995
Rv3557c	Rv2011c	32.950105809401514
Rv3557c	Rv2703	90.44623745935586
Rv3557c	Rv3160c	32.433351452080366
Rv3557c	Rv3161c	78.74549244740732
Rv3575c	Rv0282	128.29923188871757
Rv3575c	Rv0283	84.30939508394374
Rv3575c	Rv0350	509.2524993047383
Rv3575c	Rv0351	256.1795556243479
Rv3575c	Rv0700	88.87425930022576
Rv3575c	Rv0701	90.69779011744752
Rv3575c	Rv0730	39.66469256332891
Rv3575c	Rv1217c	24.793502894761723
Rv3575c	Rv2011c	36.40527104540302
Rv3575c	Rv2516c	37.30217132996675
Rv3575c	Rv2517c	34.27839007984279
Rv3575c	Rv3269	40.522143286661546
Rv3575c	Rv3270	101.32672788840682
Rv3575c	Rv3290c	169.89131844616344
Rv3575c	Rv3504	55.13943276596488
Rv3575c	Rv3516	29.789087162882666
Rv3575c	Rv3597c	133.1568144886635
Rv3575c	Rv3698	16.049211405135814
Rv3575c	Rv3831	14.51406516788448
Rv3575c	Rv3839	11.070773920923344
Rv3583c	Rv0077c	376.0969913793704
Rv3583c	Rv0672	505.7807110407785
Rv3583c	Rv0673	277.7835309008608
Rv3583c	Rv0700	477.809592297868
Rv3583c	Rv0701	487.6133366348643
Rv3583c	Rv0768	473.52823270433424
Rv3583c	Rv1217c	133.2958902055459
Rv3583c	Rv1297	683.9123399481185
Rv3583c	Rv1642	185.21626702660308
Rv3583c	Rv1702c	110.70370558728642
Rv3583c	Rv2011c	195.72357454970327
Rv3583c	Rv2276	94.89658838735366
Rv3583c	Rv2494	71.36605255105431
Rv3583c	Rv2556c	248.36362321678214
Rv3583c	Rv2737A	31.171475650180117
Rv3583c	Rv3290c	913.3769692244559
Rv3583c	Rv3504	296.4429756926757
Rv3583c	Rv3569c	211.4935417869505
Rv3583c	Rv3570c	350.98297182701094
Rv3583c	Rv3597c	715.8833586177583
Rv3583c	Rv3632	76.34609376923764
Rv3648c	Rv0328	28.931016816622044
Rv3648c	Rv1702c	29.34177551854433
Rv3648c	Rv2011c	51.876106203115214
Rv3648c	Rv3290c	242.08857194632307
Rv3681c	Rv0077c	75.83437252493175
Rv3681c	Rv0118c	30.73534704842975
Rv3681c	Rv0350	552.0498261610409
Rv3681c	Rv0351	277.70875811412657
Rv3681c	Rv0672	101.98316853404941
Rv3681c	Rv0673	56.01092336943977
Rv3681c	Rv0768	95.47993529081648
Rv3681c	Rv0824c	138.7920023115346
Rv3681c	Rv1049	33.036990947207634
Rv3681c	Rv1217c	26.877136551441804
Rv3681c	Rv1297	137.90076589500796
Rv3681c	Rv1702c	22.321758061947467
Rv3681c	Rv2011c	39.4647519244356
Rv3681c	Rv3290c	184.16890038344465
Rv3681c	Rv3504	59.77332328192284
Rv3681c	Rv3569c	42.644531602516196
Rv3681c	Rv3570c	70.77050347522972
Rv3692	Rv0349	21.167137989232273
Rv3692	Rv0350	468.17883007894295
Rv3692	Rv0351	235.51743939616784
Rv3692	Rv0839	37.72277314631496
Rv3692	Rv1217c	22.793787354359726
Rv3692	Rv2011c	33.469010422164494
Rv3692	Rv3290c	156.18876455056383
Rv3692	Rv3504	50.69217168070907
Rv3692	Rv3597c	122.41707543792761
Rv3692	Rv3841	108.08594846044106
Rv3692	Rv3912	13.04954823945669
Rv3855	Rv0350	830.0194324513745
Rv3855	Rv0351	417.54141541822014
Rv3855	Rv1217c	40.410384297155986
Rv3855	Rv1244	45.00131782302556
Rv3855	Rv3064c	27.37521562980379
Rv3855	Rv3290c	276.9021181194393
Rv3855	Rv3329	43.5145434582201
Rv3855	Rv3597c	217.02935918784036
Rv3862c	Rv0440	4728.230870984471
Rv3862c	Rv1217c	164.59553087020245
Rv3862c	Rv2011c	241.68206241876848
Rv3862c	Rv3290c	1127.8499802378824
Rv3862c	Rv3504	366.05171308461235
Rv0005	Rv1580c	45.78554957133178
Rv0015c	Rv2245	176.8824912571521
Rv0020c	Rv0358	54.47129917380854
Rv0020c	Rv1177	194.19268383718963
Rv0020c	Rv3352c	26.65667813739602
Rv0022c	Rv0657c	19.748933170429225
Rv0022c	Rv2946c	105.39636139145914
Rv0022c	Rv3235	13.901423281689812
Rv0022c	Rv3845	13.502968850683937
Rv0027	Rv0471c	7.959348003223742
Rv0027	Rv0608	16.63431742213944
Rv0027	Rv0705	23.38213718716987
Rv0027	Rv0850	3.93933056186024
Rv0027	Rv0930	10.073137387223957
Rv0027	Rv1355c	12.002468811609443
Rv0027	Rv2026c	6.926879903560347
Rv0027	Rv2086	5.556631963070925
Rv0027	Rv2540c	38.29634360466856
Rv0027	Rv3263	9.371722559692898
Rv0027	Rv3824c	20.045768446281656
Rv0056	Rv0798c	48.48960588160992
Rv0056	Rv1402	47.48573256973435
Rv0056	Rv2412	76.76644146422029
Rv0056	Rv2890c	148.17975710186886
Rv0065	Rv2710	94.01692584449833
Rv0068	Rv1585c	15.875834696395904
Rv0071	Rv1744c	5.970298082489999
Rv0096	Rv3373	11.262370748497483
Rv0097	Rv3393	14.414274339758581
Rv0100	Rv1390	48.39229140814558
Rv0105c	Rv0901	4.624963662130564
Rv0105c	Rv2477c	23.363531656403936
Rv0108c	Rv3840	10.180964730468139
Rv0132c	Rv0850	7.220735190340005
Rv0132c	Rv2292c	5.501967328864677
Rv0144	Rv2367c	67.01244260759427
Rv0145	Rv1155	117.98669478010828
Rv0145	Rv3840	36.576167347473344
Rv0150c	Rv1873	2.4426613077221107
Rv0152c	Rv0657c	12.076663902578888
Rv0159c	Rv1596	61.26280487669487
Rv0160c	Rv0637	35.451569920868465
Rv0160c	Rv0927c	7.627752520529151
Rv0160c	Rv1358	10.721264758474609
Rv0173	Rv2292c	6.948290933798242
Rv0216	Rv0300	26.011988015659014
Rv0216	Rv2256c	38.56506373786795
Rv0216	Rv3366	7.8311756862600195
Rv0224c	Rv0251c	218.29602666040842
Rv0224c	Rv0573c	9.42684839130135
Rv0224c	Rv1331	22.063647601541575
Rv0229c	Rv1518	10.685335348275931
Rv0229c	Rv2010	41.999234237162604
Rv0239	Rv0709	42.67021136108192
Rv0239	Rv2110c	57.58397995434009
Rv0250c	Rv0649	42.62032475944568
Rv0251c	Rv0641	1708.7832706031838
Rv0251c	Rv0642c	998.285897749424
Rv0251c	Rv3141	699.2535617626335
Rv0281	Rv0583c	34.82712166892018
Rv0282	Rv3855	209.1120922952922
Rv0292	Rv2871	26.147828863683852
Rv0304c	Rv2071c	20.37025291726894
Rv0329c	Rv0353	30.80904377030625
Rv0340	Rv1221	166.82344426871828
Rv0340	Rv2160c	24.990927291227823
Rv0349	Rv1680	13.883606446315099
Rv0351	Rv0358	146.17472941822473
Rv0351	Rv1666c	183.76391339399072
Rv0351	Rv2292c	64.07408329979609
Rv0351	Rv2546	71.7871725727745
Rv0360c	Rv2970A	10.24930442631525
Rv0362	Rv1960c	14.023219500557845
Rv0377	Rv3412	38.541635661862074
Rv0378	Rv1088	3.1497619347290313
Rv0378	Rv2710	73.89902584806609
Rv0382c	Rv3638	21.192501183613572
Rv0383c	Rv2810c	69.70970091790075
Rv0402c	Rv1873	8.93782811345644
Rv0402c	Rv2108	32.156833896610294
Rv0440	Rv1088	251.49058794826698
Rv0440	Rv1188	331.86749654939183
Rv0469	Rv0893c	29.48743780642571
Rv0469	Rv2851c	64.43019800963063
Rv0471c	Rv0863	24.951500816679257
Rv0474	Rv1664	22.473524189902538
Rv0474	Rv2507	17.273470106842392
Rv0475	Rv2494	73.63705171573628
Rv0483	Rv3283	243.18649501723652
Rv0485	Rv1873	23.797297364720404
Rv0516c	Rv0634B	29.24600905799252
Rv0516c	Rv1386	30.849019829106556
Rv0516c	Rv3866	79.25373028597564
Rv0519c	Rv1474c	28.89056825091803
Rv0519c	Rv2139	32.44340374134813
Rv0519c	Rv2601	18.066138194444616
Rv0519c	Rv3648c	38.26909626786896
Rv0519c	Rv3855	43.77238351192889
Rv0540	Rv2256c	31.107258018707753
Rv0540	Rv3840	5.413870223580891
Rv0559c	Rv3041c	55.61863319071656
Rv0573c	Rv3243c	14.605911568301147
Rv0581	Rv2016	98.41637415828923
Rv0581	Rv2267c	35.47994701618728
Rv0581	Rv3351c	23.35297096701262
Rv0584	Rv3032	24.29348897091732
Rv0600c	Rv0753c	65.34298306261672
Rv0600c	Rv2986c	33.43622869084641
Rv0600c	Rv3393	7.191912582548855
Rv0601c	Rv1221	53.74405151188395
Rv0601c	Rv2822c	4.310620691163446
Rv0608	Rv0609	53.22312517780675
Rv0609	Rv1804c	32.26224237289899
Rv0614	Rv1332	21.025270041928323
Rv0614	Rv1537	9.14559726003007
Rv0619	Rv2412	14.63763784506549
Rv0619	Rv2599	3.278002703423361
Rv0623	Rv1906c	43.80958519547149
Rv0632c	Rv1174c	115.1815570130308
Rv0634A	Rv1873	11.762525802071048
Rv0634A	Rv2861c	91.52033176588236
Rv0634B	Rv0679c	24.31135841710781
Rv0635	Rv0790c	68.33243384241312
Rv0635	Rv3088	45.029428290538256
Rv0635	Rv3269	93.46032955426085
Rv0637	Rv2012	56.210205609119306
Rv0637	Rv3387	28.02419684218767
Rv0637	Rv3451	83.92365255632873
Rv0638	Rv3327	46.086976850444046
Rv0640	Rv2003c	25.732952081092606
Rv0649	Rv1155	13.548243655137837
Rv0650	Rv3516	14.114001687050303
Rv0659c	Rv2804c	21.904103476017802
Rv0660c	Rv3923c	111.69145866763996
Rv0705	Rv1155	64.00482642921314
Rv0705	Rv2250A	48.56306383590805
Rv0705	Rv2318	28.194994485484514
Rv0705	Rv2658c	45.60041405370745
Rv0705	Rv2730	27.590628066454496
Rv0709	Rv2670c	27.5330720654427
Rv0709	Rv2890c	120.83733350406547
Rv0727c	Rv2366c	17.22918549767729
Rv0751c	Rv2785c	80.47974998298798
Rv0753c	Rv1970	80.27621117877418
Rv0753c	Rv2029c	81.68397472781315
Rv0753c	Rv2658c	133.29907286178565
Rv0753c	Rv3067	121.33620657341332
Rv0753c	Rv3874	1556.6877687747844
Rv0757	Rv0847	91.20147052424177
Rv0769	Rv3252c	92.92077765736816
Rv0787	Rv2588c	30.848137675202906
Rv0790c	Rv1681	17.273755072045663
Rv0790c	Rv1957	45.813572305324755
Rv0790c	Rv2109c	46.52650691397269
Rv0790c	Rv3855	48.28887420494975
Rv0791c	Rv3140	104.29807764178176
Rv0826	Rv3387	25.97459469131949
Rv0850	Rv2830c	5.060790108887782
Rv0850	Rv3385c	15.902237534239104
Rv0858c	Rv0974c	11.219815901767154
Rv0863	Rv1013	164.5656737892402
Rv0863	Rv3767c	46.899391040678374
Rv0864	Rv2178c	146.30324524792732
Rv0864	Rv3698	29.278755569924744
Rv0873	Rv3327	45.377811556940934
Rv0888	Rv3387	7.835996088687803
Rv0898c	Rv2576c	47.95315753130618
Rv0901	Rv3366	8.313624526057325
Rv0903c	Rv3412	82.93711535600788
Rv0905	Rv3352c	14.94987685147355
Rv0921	Rv2602	52.55725349790635
Rv0921	Rv2710	400.1722569059682
Rv0923c	Rv3555c	14.736980934616858
Rv0930	Rv1628c	30.429551992981626
Rv0932c	Rv1155	120.34141030948598
Rv0932c	Rv1273c	80.02353398138195
Rv0932c	Rv1517	49.90805463667698
Rv0932c	Rv3067	78.04308762218923
Rv0932c	Rv3353c	32.973309104020586
Rv0951	Rv2109c	137.40123289475662
Rv0976c	Rv2730	10.920933827648687
Rv0979c	Rv1870c	8.592015147789802
Rv0980c	Rv2261c	14.339436991006641
Rv0984	Rv1118c	45.89440688073957
Rv1013	Rv1804c	104.82507126403229
Rv1025	Rv2397c	21.289239211220032
Rv1039c	Rv3192	13.452575142867024
Rv1040c	Rv1717	8.139284972322416
Rv1087A	Rv3600c	23.305945934486576
Rv1125	Rv1411c	36.02329034524561
Rv1134	Rv2546	2.2997182120296253
Rv1155	Rv2029c	16.51873946921038
Rv1155	Rv2966c	18.427506316725736
Rv1155	Rv3182	34.94822383744701
Rv1158c	Rv1727	5.505285632848124
Rv1174c	Rv1518	22.018010546635136
Rv1174c	Rv1588c	36.91470426313573
Rv1177	Rv3110	16.710309191765827
Rv1179c	Rv2546	10.095338193682679
Rv1190	Rv2412	21.14491645302154
Rv1192	Rv1960c	38.21844741667881
Rv1192	Rv2110c	111.91194109214692
Rv1192	Rv2534c	103.21470857593528
Rv1225c	Rv2970A	18.61507475948312
Rv1225c	Rv3371	21.66791769461995
Rv1225c	Rv3649	22.698764413555725
Rv1246c	Rv2865	11.729321291050251
Rv1246c	Rv3469c	5.695133912956022
Rv1273c	Rv2071c	12.211726317212296
Rv1322	Rv1805c	12.624781122972198
Rv1322	Rv2292c	4.811310420909845
Rv1322	Rv3352c	5.371450399112587
Rv1331	Rv2544	18.52066960684112
Rv1331	Rv3109	20.821447753810634
Rv1355c	Rv2573	13.290273176496012
Rv1377c	Rv3840	7.7582845035133134
Rv1386	Rv1479	95.84188613961939
Rv1386	Rv1915	57.03827187571463
Rv1398c	Rv2267c	73.86831102482088
Rv1402	Rv3412	48.965334201468785
Rv1411c	Rv3030	50.07785847707853
Rv1411c	Rv3387	24.517596469986238
Rv1474c	Rv2886c	26.526038998060738
Rv1479	Rv2119	48.76478514096592
Rv1479	Rv2250A	72.60810390167477
Rv1479	Rv2599	27.42018578992978
Rv1479	Rv2602	90.40243204856422
Rv1479	Rv3710	189.09882081291855
Rv1495	Rv2755c	8.854924659417168
Rv1495	Rv3891c	19.929632217715024
Rv1503c	Rv3594	10.741862815172826
Rv1515c	Rv2602	26.115328912582072
Rv1517	Rv3125c	8.072259201088755
Rv1518	Rv1846c	28.904259355589854
Rv1518	Rv2709	10.82251920886107
Rv1537	Rv2256c	42.599893362113875
Rv1537	Rv3351c	8.28293255191628
Rv1542c	Rv1935c	7.7927180541454595
Rv1553	Rv3582c	35.90264600137708
Rv1564c	Rv1588c	24.861852116401614
Rv1571	Rv3175	12.315911393260217
Rv1571	Rv3324c	6.097561861643773
Rv1573	Rv2050	19.20610856998187
Rv1573	Rv3582c	32.50079836399026
Rv1585c	Rv1681	15.333632781810293
Rv1585c	Rv2116	12.757746034115364
Rv1585c	Rv2709	24.837834875237604
Rv1586c	Rv2694c	116.14419444457799
Rv1588c	Rv2292c	4.805340556480508
Rv1588c	Rv3923c	30.68032821091395
Rv1596	Rv1870c	154.82808636304037
Rv1642	Rv2107	14.195900746381156
Rv1644	Rv3600c	148.99738624266197
Rv1664	Rv2986c	97.44020005076781
Rv1668c	Rv1926c	23.029677764175137
Rv1668c	Rv2374c	52.8651441599511
Rv1680	Rv2890c	48.92447440267542
Rv1680	Rv3243c	12.526162709342092
Rv1681	Rv2292c	4.159305255890013
Rv1688	Rv1957	22.14126722967297
Rv1716	Rv2028c	6.495838199677047
Rv1717	Rv2524c	55.95270860877658
Rv1727	Rv3319	8.228037272695225
Rv1733c	Rv1957	39.11950634058906
Rv1740	Rv1976c	9.336460713145522
Rv1741	Rv3319	12.953169973260088
Rv1791	Rv2009	32.65217470567777
Rv1791	Rv3716c	40.58198542259423
Rv1794	Rv2516c	115.29757193623148
Rv1804c	Rv2755c	10.638310549894072
Rv1804c	Rv2851c	24.143410873695395
Rv1804c	Rv2904c	59.08971911409219
Rv1829	Rv1921c	19.30103401592972
Rv1829	Rv2986c	110.34892595126516
Rv1831	Rv2109c	91.5901983360493
Rv1855c	Rv2091c	120.15644198734502
Rv1873	Rv2091c	20.11810760845878
Rv1925	Rv2346c	279.1811930227089
Rv1933c	Rv2710	152.06053585217776
Rv1936	Rv1960c	35.35759658077767
Rv1954c	Rv3412	85.47006271656987
Rv1960c	Rv2014	9.916572312516685
Rv1960c	Rv2261c	7.317953096086084
Rv1960c	Rv3215	18.884987741894445
Rv1960c	Rv3294c	8.201166850460622
Rv1965	Rv2749	12.41139011029327
Rv1965	Rv2822c	7.405288164848465
Rv1982c	Rv2368c	33.888078854178715
Rv1982c	Rv2524c	117.97642464224583
Rv1982c	Rv2929	12.003244248667105
Rv2003c	Rv3041c	11.147705914849125
Rv2006	Rv2865	29.020851877563842
Rv2006	Rv3716c	43.783498368813575
Rv2016	Rv3182	51.00878675313609
Rv2026c	Rv3041c	14.687695963534493
Rv2028c	Rv2109c	20.736452561923205
Rv2038c	Rv2256c	26.720634548621963
Rv2045c	Rv2091c	63.25274651280344
Rv2047c	Rv2261c	13.494373771305684
Rv2047c	Rv2560	25.858471009849303
Rv2050	Rv2710	408.4173104163938
Rv2071c	Rv2261c	5.960013408970219
Rv2071c	Rv2544	6.291313862248617
Rv2071c	Rv2602	17.348534957065063
Rv2071c	Rv3157	17.347410136022727
Rv2071c	Rv3473c	5.407651659790354
Rv2071c	Rv3664c	7.803924848406244
Rv2071c	Rv3831	8.1136057431413
Rv2091c	Rv3600c	181.729134170169
Rv2104c	Rv2204c	164.45158066179994
Rv2104c	Rv2267c	24.214930533501033
Rv2107	Rv3052c	37.204909320112904
Rv2108	Rv2737A	6.0389471578679865
Rv2109c	Rv2191	41.95783998337787
Rv2109c	Rv3209	30.24958438480747
Rv2119	Rv3427c	8.7335674332864
Rv2151c	Rv3874	220.16345445315235
Rv2160c	Rv2964	11.638411458681253
Rv2160c	Rv3290c	135.13745429514285
Rv2178c	Rv3516	83.75758469064954
Rv2204c	Rv2855	102.15529221607645
Rv2215	Rv3235	31.20256033082669
Rv2228c	Rv2442c	64.8553688082628
Rv2250A	Rv3597c	116.3638973930477
Rv2255c	Rv3541c	4.977043841282731
Rv2267c	Rv3076	13.960974679552136
Rv2292c	Rv2408	2.542257751219996
Rv2318	Rv3840	5.166965461722275
Rv2346c	Rv2470	67.14169405592739
Rv2346c	Rv3385c	111.35397601663234
Rv2366c	Rv2784c	44.43928577361022
Rv2385	Rv3157	14.485933156693951
Rv2412	Rv3412	79.15839681388462
Rv2442c	Rv3113	25.499838062782086
Rv2460c	Rv3874	879.9976893005578
Rv2477c	Rv3140	287.3968398496048
Rv2497c	Rv2709	87.457208768291
Rv2507	Rv3787c	16.969210158171517
Rv2524c	Rv2577	108.0431838671256
Rv2540c	Rv2547	54.495622065451954
Rv2540c	Rv3536c	203.55988036644214
Rv2540c	Rv3582c	266.21396027746357
Rv2547	Rv3905c	14.140018300439467
Rv2560	Rv2710	169.25312904301947
Rv2573	Rv3541c	6.263729660068741
Rv2577	Rv3406	22.1859077484285
Rv2577	Rv3688c	15.07804305540548
Rv2601A	Rv3343c	75.74591834343191
Rv2601A	Rv3443c	68.04204236342456
Rv2602	Rv3175	28.513127096402524
Rv2602	Rv3878	94.15122128211881
Rv2653c	Rv2791c	50.19754385013911
Rv2653c	Rv3332	9.406444426681215
Rv2668	Rv3845	5.672129014533718
Rv2670c	Rv2719c	14.12689570072512
Rv2670c	Rv3554	19.804361163559683
Rv2704	Rv3343c	64.37544697246413
Rv2709	Rv3873	255.1881881365633
Rv2710	Rv2797c	232.95190178872917
Rv2710	Rv3125c	140.00457934574942
Rv2711	Rv3067	77.43177028954622
Rv2719c	Rv3294c	9.130492814865713
Rv2719c	Rv3327	13.26876963798106
Rv2730	Rv3868	45.226982026022135
Rv2755c	Rv3002c	17.848291532404406
Rv2755c	Rv3632	6.3039743987097685
Rv2785c	Rv3373	28.7216068119596
Rv2822c	Rv2986c	35.401083545426786
Rv2822c	Rv3030	10.50094383505679
Rv2855	Rv3252c	50.599614295786054
Rv2871	Rv3469c	9.48202304929015
Rv2889c	Rv3288c	93.6425242814877
Rv2904c	Rv3600c	183.91312684510876
Rv2929	Rv2997	15.095689248388892
Rv2946c	Rv3366	35.37702238584797
Rv2946c	Rv3872	380.00925663733597
Rv2986c	Rv3215	80.1842897157317
Rv2986c	Rv3353c	26.232327984990636
Rv2997	Rv3288c	29.70107360622541
Rv3002c	Rv3398c	20.547162191337527
Rv3052c	Rv3789	36.69206833968367
Rv3067	Rv3327	12.969574251771805
Rv3071	Rv3122	20.277839270858465
Rv3105c	Rv3122	70.55261514840876
Rv3141	Rv3837c	77.42264179694848
Rv3175	Rv3837c	47.24294379721015
Rv3243c	Rv3327	12.646084085402917
Rv3283	Rv3642c	58.343024616339264
Rv3327	Rv3582c	50.786860726337004
Rv3332	Rv3412	47.591625393446165
Rv3366	Rv3460c	22.137884097386042
Rv3366	Rv3632	5.915908162311302
Rv3371	Rv3840	8.681507703139856
Rv3412	Rv3924c	68.00051752243313
Rv3489	Rv3583c	165.01053513114383
Rv3600c	Rv3891c	74.5225797527981
Rv3662c	Rv3840	5.712323210887305
Rv3688c	Rv3840	9.722229625656796
Rv3801c	Rv3855	270.8568353000219
Rv3890c	Rv3891c	25.07751330744738
Rv0021c	Rv2245	168.05324776473208
Rv0021c	Rv2524c	319.11791530675146
Rv0068	Rv2245	62.02597540695457
Rv0068	Rv2524c	117.7817163905421
Rv0104	Rv2524c	111.13292962295805
Rv0105c	Rv0634B	7.228860475034125
Rv0105c	Rv0641	24.32258284249747
Rv0105c	Rv0701	21.019776605378148
Rv0105c	Rv2904c	16.299160448628175
Rv0105c	Rv2925c	10.074312390820749
Rv0118c	Rv3002c	39.96640466246446
Rv0162c	Rv3804c	158.93891287479622
Rv0216	Rv2245	67.71934150296191
Rv0216	Rv2524c	128.5929035815182
Rv0248c	Rv1554	17.856473212740884
Rv0248c	Rv3148	106.97162031390326
Rv0312	Rv0351	228.0794481357202
Rv0312	Rv0352	187.93884752274056
Rv0312	Rv2373c	77.78943706837273
Rv0351	Rv0312	228.0794481357202
Rv0352	Rv0312	187.93884752274056
Rv0384c	Rv1331	752.6566603577227
Rv0600c	Rv3143	5.364577501397587
Rv0601c	Rv3143	4.732702183022807
Rv0634B	Rv0105c	7.228860475034125
Rv0638	Rv1821	288.7555271852514
Rv0638	Rv3240c	323.1076482220507
Rv0640	Rv0683	153.5137939945827
Rv0640	Rv0684	400.15138638998474
Rv0640	Rv0718	119.70556189238523
Rv0640	Rv2785c	93.00271698427653
Rv0641	Rv0105c	24.32258284249747
Rv0641	Rv0683	274.2739118884404
Rv0641	Rv2785c	166.16239062159568
Rv0682	Rv2056c	29.06056545083744
Rv0683	Rv0640	153.5137939945827
Rv0683	Rv0641	274.2739118884404
Rv0683	Rv2056c	26.702676440913724
Rv0684	Rv0640	400.15138638998474
Rv0684	Rv0701	617.8454125202052
Rv0684	Rv0705	378.55966420986533
Rv0684	Rv0709	289.37761646663347
Rv0684	Rv0717	232.20856214484238
Rv0684	Rv0718	395.95363917762165
Rv0684	Rv2056c	69.603601866109
Rv0684	Rv2785c	307.62784670302955
Rv0684	Rv3460c	361.9976558901711
Rv0700	Rv2056c	31.837319378328438
Rv0701	Rv0105c	21.019776605378148
Rv0701	Rv0684	617.8454125202052
Rv0701	Rv0705	176.70947185259323
Rv0701	Rv0718	184.8288792289308
Rv0701	Rv2785c	143.5989078009812
Rv0705	Rv0684	378.55966420986533
Rv0705	Rv0701	176.70947185259323
Rv0705	Rv2056c	19.907270452373982
Rv0709	Rv0684	289.37761646663347
Rv0717	Rv0684	232.20856214484238
Rv0718	Rv0640	119.70556189238523
Rv0718	Rv0684	395.95363917762165
Rv0718	Rv0701	184.8288792289308
Rv0718	Rv2056c	20.821965272403688
Rv0753c	Rv1188	75.69300622514417
Rv0757	Rv3862c	369.5013682053462
Rv0768	Rv1188	41.04055282988196
Rv0864	Rv3109	23.081800097230833
Rv0868c	Rv1355c	13.811692766876051
Rv0929	Rv0930	17.113267340453422
Rv0929	Rv0932c	74.6886749031268
Rv0929	Rv0936	18.49407959852453
Rv0930	Rv0929	17.113267340453422
Rv0930	Rv0932c	87.6995299890452
Rv0932c	Rv0929	74.6886749031268
Rv0932c	Rv0930	87.6995299890452
Rv0932c	Rv0936	94.77571150522431
Rv0936	Rv0929	18.49407959852453
Rv0936	Rv0932c	94.77571150522431
Rv0951	Rv2855	76.13829177122923
Rv0952	Rv2855	61.43306260540336
Rv0974c	Rv2524c	99.54000484703975
Rv1032c	Rv3143	10.0255306426779
Rv1179c	Rv1329c	38.93642027699177
Rv1188	Rv0753c	75.69300622514417
Rv1188	Rv0768	41.04055282988196
Rv1329c	Rv1179c	38.93642027699177
Rv1331	Rv0384c	752.6566603577227
Rv1331	Rv3596c	377.50974641782574
Rv1355c	Rv0868c	13.811692766876051
Rv1390	Rv2703	245.428831088749
Rv1390	Rv2710	580.3365276130805
Rv1553	Rv3537	27.088189783428103
Rv1554	Rv0248c	17.856473212740884
Rv1554	Rv3319	4.003982496128633
Rv1554	Rv3537	11.469956339157942
Rv1644	Rv2524c	389.7653910362004
Rv1675c	Rv2524c	64.94070356303622
Rv1821	Rv0638	288.7555271852514
Rv1832	Rv2855	92.8049413724633
Rv1850	Rv1851	12.761200376424172
Rv1851	Rv1850	12.761200376424172
Rv1894c	Rv2245	298.36467082955636
Rv1894c	Rv2524c	566.5675196566763
Rv2029c	Rv3010c	19.910394899659583
Rv2038c	Rv2316	5.209331567524208
Rv2038c	Rv2317	4.154224731320043
Rv2056c	Rv0682	29.06056545083744
Rv2056c	Rv0683	26.702676440913724
Rv2056c	Rv0684	69.603601866109
Rv2056c	Rv0700	31.837319378328438
Rv2056c	Rv0705	19.907270452373982
Rv2056c	Rv0718	20.821965272403688
Rv2056c	Rv2785c	16.177187698485547
Rv2056c	Rv2890c	29.064838374425552
Rv2056c	Rv3460c	19.036326160031624
Rv2073c	Rv2245	65.92622931678335
Rv2073c	Rv2524c	125.18794574597838
Rv2215	Rv2496c	193.57917959702894
Rv2215	Rv2497c	257.9769745676192
Rv2245	Rv0021c	168.05324776473208
Rv2245	Rv0068	62.02597540695457
Rv2245	Rv0216	67.71934150296191
Rv2245	Rv1894c	298.36467082955636
Rv2245	Rv2073c	65.92622931678335
Rv2245	Rv2524c	702.895612181596
Rv2245	Rv3417c	918.5848547631583
Rv2316	Rv2038c	5.209331567524208
Rv2317	Rv2038c	4.154224731320043
Rv2373c	Rv0312	77.78943706837273
Rv2496c	Rv2215	193.57917959702894
Rv2497c	Rv2215	257.9769745676192
Rv2497c	Rv2855	80.58479867477253
Rv2524c	Rv0021c	319.11791530675146
Rv2524c	Rv0068	117.7817163905421
Rv2524c	Rv0104	111.13292962295805
Rv2524c	Rv0216	128.5929035815182
Rv2524c	Rv0974c	99.54000484703975
Rv2524c	Rv1644	389.7653910362004
Rv2524c	Rv1675c	64.94070356303622
Rv2524c	Rv1894c	566.5675196566763
Rv2524c	Rv2073c	125.18794574597838
Rv2524c	Rv2245	702.895612181596
Rv2703	Rv1390	245.428831088749
Rv2710	Rv1390	580.3365276130805
Rv2785c	Rv0640	93.00271698427653
Rv2785c	Rv0641	166.16239062159568
Rv2785c	Rv0684	307.62784670302955
Rv2785c	Rv0701	143.5989078009812
Rv2785c	Rv2056c	16.177187698485547
Rv2855	Rv0951	76.13829177122923
Rv2855	Rv0952	61.43306260540336
Rv2855	Rv1832	92.8049413724633
Rv2855	Rv2497c	80.58479867477253
Rv2890c	Rv2056c	29.064838374425552
Rv2904c	Rv0105c	16.299160448628175
Rv2904c	Rv2925c	107.18395396277607
Rv2925c	Rv0105c	10.074312390820749
Rv2925c	Rv2904c	107.18395396277607
Rv2998A	Rv3143	3.157044345972554
Rv3002c	Rv0118c	39.96640466246446
Rv3010c	Rv2029c	19.910394899659583
Rv3109	Rv0864	23.081800097230833
Rv3109	Rv3324c	5.755291098286049
Rv3146	Rv3152	23.181287415562153
Rv3146	Rv3156	32.72129329890892
Rv3146	Rv3157	26.246148913254153
Rv3148	Rv0248c	106.97162031390326
Rv3148	Rv3152	29.92046284728803
Rv3148	Rv3156	42.2339028421678
Rv3148	Rv3157	33.87632918593734
Rv3148	Rv3537	68.71232633183105
Rv3149	Rv3152	27.734225172324074
Rv3149	Rv3156	39.147942908139456
Rv3149	Rv3157	31.401043040339154
Rv3150	Rv3152	34.61346412633487
Rv3150	Rv3156	48.85825758791661
Rv3150	Rv3157	39.18980501719192
Rv3152	Rv3146	23.181287415562153
Rv3152	Rv3148	29.92046284728803
Rv3152	Rv3149	27.734225172324074
Rv3152	Rv3150	34.61346412633487
Rv3156	Rv3146	32.72129329890892
Rv3156	Rv3148	42.2339028421678
Rv3156	Rv3149	39.147942908139456
Rv3156	Rv3150	48.85825758791661
Rv3157	Rv3146	26.246148913254153
Rv3157	Rv3148	33.87632918593734
Rv3157	Rv3149	31.401043040339154
Rv3157	Rv3150	39.18980501719192
Rv3240c	Rv0638	323.1076482220507
Rv3319	Rv1554	4.003982496128633
Rv3319	Rv3537	48.488478529231315
Rv3324c	Rv3109	5.755291098286049
Rv3417c	Rv2245	918.5848547631583
Rv3460c	Rv0684	361.9976558901711
Rv3460c	Rv2056c	19.036326160031624
Rv3537	Rv1553	27.088189783428103
Rv3537	Rv1554	11.469956339157942
Rv3537	Rv3148	68.71232633183105
Rv3537	Rv3319	48.488478529231315
Rv3596c	Rv1331	377.50974641782574
Rv3804c	Rv0162c	158.93891287479622
Rv3879c	Rv3881c	866.0206746364483
Rv3881c	Rv3879c	866.0206746364483
Rv0353	Rv0250c	223.70011371183642
Rv0353	Rv0251c	1005.2628290444244
Rv0353	Rv0351	554.5328978773957
Rv0353	Rv0352	456.9384685572702
Rv0353	Rv0384c	990.0100258117681
Rv0485	Rv3332	72.83189022301453
Rv1221	Rv0250c	548.734942451146
Rv1221	Rv0251c	2465.9032643789888
Rv1221	Rv0563	581.1611595912946
Rv1221	Rv0980c	203.6934423472854
Rv1221	Rv0984	359.1876610109229
Rv1221	Rv1072	1159.1180857853542
Rv1221	Rv1073	531.3704995068707
Rv1221	Rv1329c	163.68349202649432
Rv1221	Rv1330c	135.91985758230143
Rv1221	Rv1503c	72.38755496996325
Rv1221	Rv1504c	88.49897195822932
Rv1221	Rv2442c	345.89604798297256
Rv1221	Rv2711	550.4496425479886
Rv1221	Rv2744c	760.9163095635284
Rv1221	Rv2745c	537.5953502775492
Rv1267c	Rv3793	32.93490907880279
Rv1267c	Rv3795	38.400261898301565
Rv1956	Rv1957	60.29369857201879
Rv2374c	Rv0440	1584.1362254743563
Rv2374c	Rv3417c	567.1449248078576
Rv2374c	Rv3418c	657.3463614519154
Rv2711	Rv0105c	24.025350124894185
Rv2711	Rv0282	466.30953695154585
Rv2711	Rv0283	306.42642518981415
Rv2711	Rv0291	229.9070147680348
Rv2711	Rv0292	128.4253319940997
Rv2711	Rv0338c	361.6065371085269
Rv2711	Rv0670	169.01788924866318
Rv2711	Rv1846c	261.4780636046496
Rv2711	Rv1935c	98.73840108517025
Rv2711	Rv1936	187.22582851365664
Rv2711	Rv2378c	80.65567642363688
Rv2711	Rv2865	95.91466455494725
Rv2711	Rv3197	311.5102591668354
Rv2711	Rv3489	111.55345974925517
Rv2711	Rv3839	40.23724370570443
Rv2711	Rv3840	37.013913247546675
Rv3574	Rv3534c	46.17914232497197
Rv3574	Rv3569c	39.3047163099145
Rv3574	Rv3571	56.70604672405625
Rv3575c	Rv1832	106.6473682634336
Rv3575c	Rv2139	34.45636029366563
Rv3648c	Rv0005	175.06322651874484
Rv3648c	Rv0006	162.5346895299441
Rv0056	Rv0640	107.2809649431544
Rv0056	Rv0641	191.67248206479698
Rv0056	Rv0701	165.6449391287874
Rv0056	Rv0709	77.58241251533371
Rv0056	Rv1298	142.0675188115686
Rv0056	Rv1643	110.04834278684373
Rv0056	Rv2442c	118.97283402493336
Rv0056	Rv2904c	128.44444025501963
Rv0056	Rv3443c	120.9137655831849
Rv0056	Rv3461c	80.09628998490531
Rv0056	Rv3924c	65.9457234864933
Rv0162c	Rv0768	97.03369821518197
Rv0162c	Rv3252c	64.05924631035987
Rv0217c	Rv0565c	18.868523322888212
Rv0217c	Rv0778	23.529090530048155
Rv0217c	Rv1256c	33.689543998300316
Rv0217c	Rv1666c	15.894110690866473
Rv0217c	Rv2268c	10.522405850104757
Rv0217c	Rv2276	13.712104249344014
Rv0217c	Rv3685c	21.03413608107026
Rv0231	Rv0632c	54.81224074061342
Rv0231	Rv0673	47.24277402007582
Rv0231	Rv0753c	148.5310756761973
Rv0231	Rv0905	48.95299378630361
Rv0231	Rv1935c	24.83954381428753
Rv0231	Rv3373	16.586779378881705
Rv0231	Rv3516	27.23735692813702
Rv0231	Rv3523	29.194884000707297
Rv0248c	Rv0951	300.5911028903669
Rv0248c	Rv0952	242.5354130346944
Rv0324	Rv0326	14.824960618004422
Rv0382c	Rv2139	88.0865152544847
Rv0562	Rv3398c	32.20452382214323
Rv0565c	Rv0217c	18.868523322888212
Rv0565c	Rv2385	11.338150004144758
Rv0565c	Rv2970c	34.36090056159194
Rv0565c	Rv3084	10.857356643762177
Rv0573c	Rv1596	63.73090273728177
Rv0619	Rv0620	5.707509791933484
Rv0620	Rv0619	5.707509791933484
Rv0632c	Rv0231	54.81224074061342
Rv0632c	Rv0752c	180.3320813895183
Rv0632c	Rv0852	28.119737171808584
Rv0632c	Rv0873	156.6637330179332
Rv0632c	Rv0975c	31.052649270075026
Rv0632c	Rv1550	27.007036457819055
Rv0632c	Rv1679	35.69577342291074
Rv0632c	Rv1933c	38.577494506374656
Rv0632c	Rv3139	150.6582499107991
Rv0632c	Rv3140	170.90102873474714
Rv0632c	Rv3504	115.88947366367732
Rv0632c	Rv3513c	26.48085113077242
Rv0632c	Rv3564	30.150425511959043
Rv0640	Rv0056	107.2809649431544
Rv0640	Rv1298	160.20144943352182
Rv0640	Rv1643	124.09524829945728
Rv0640	Rv2442c	134.15888876955677
Rv0640	Rv2904c	144.83947965490864
Rv0640	Rv3461c	90.3200242896382
Rv0640	Rv3924c	74.36323640233937
Rv0641	Rv0056	191.67248206479698
Rv0641	Rv1298	286.22234577747946
Rv0641	Rv1643	221.71355623625956
Rv0641	Rv2442c	239.69366061483035
Rv0641	Rv3461c	161.36938407406055
Rv0641	Rv3924c	132.8603457580772
Rv0649	Rv2524c	80.46833192147987
Rv0673	Rv0231	47.24277402007582
Rv0673	Rv0752c	155.4285622069533
Rv0673	Rv0852	24.23645468168853
Rv0673	Rv0873	135.028767955909
Rv0673	Rv0975c	26.76433716937676
Rv0673	Rv1550	23.277415830645275
Rv0673	Rv1679	30.766254663274108
Rv0673	Rv1933c	33.25001551843104
Rv0673	Rv3139	129.85263070119723
Rv0673	Rv3140	147.29992007664433
Rv0673	Rv3504	99.8853566579691
Rv0673	Rv3513c	22.823895701519724
Rv0673	Rv3564	25.98670880490388
Rv0682	Rv1641	262.3901652842623
Rv0682	Rv2412	119.54885204197136
Rv0682	Rv2534c	150.37627669554226
Rv0683	Rv2412	109.8490089726536
Rv0683	Rv2534c	138.17518684498503
Rv0694	Rv2496c	76.07733215340903
Rv0694	Rv2497c	101.38590329274
Rv0700	Rv2412	130.97181437201158
Rv0700	Rv2534c	164.74481737731992
Rv0701	Rv0056	165.6449391287874
Rv0701	Rv1298	247.3557108087191
Rv0701	Rv1643	191.60668308331637
Rv0701	Rv2442c	207.1452375134236
Rv0701	Rv3461c	139.4567520295443
Rv0701	Rv3924c	114.81900609126778
Rv0705	Rv2412	81.894185228312
Rv0705	Rv2534c	103.01180184754169
Rv0709	Rv0056	77.58241251533371
Rv0709	Rv1298	115.85293758395623
Rv0709	Rv1643	89.74200362443325
Rv0709	Rv2442c	97.01972998316775
Rv0709	Rv2904c	104.74361658703967
Rv0709	Rv3461c	65.31676319789482
Rv0709	Rv3924c	53.77728738363395
Rv0717	Rv1641	110.25520495635527
Rv0717	Rv2412	50.233907089867245
Rv0717	Rv2534c	63.187456700897265
Rv0718	Rv2412	85.65704097481427
Rv0718	Rv2534c	107.74496512963478
Rv0751c	Rv0753c	289.5033898719333
Rv0751c	Rv0768	156.96799161508483
Rv0752c	Rv0632c	180.3320813895183
Rv0752c	Rv0673	155.4285622069533
Rv0752c	Rv0905	161.0551792893824
Rv0752c	Rv1935c	81.72201275248348
Rv0752c	Rv3373	54.57044646463772
Rv0752c	Rv3516	89.61080955701131
Rv0753c	Rv0231	148.5310756761973
Rv0753c	Rv0751c	289.5033898719333
Rv0753c	Rv0975c	84.14695944481669
Rv0753c	Rv3140	463.1103069160281
Rv0768	Rv0162c	97.03369821518197
Rv0768	Rv0751c	156.96799161508483
Rv0769	Rv2524c	311.8014914295299
Rv0778	Rv0217c	23.529090530048155
Rv0778	Rv2385	14.138698260885013
Rv0778	Rv2970c	42.848119387645056
Rv0778	Rv3084	13.539147871641505
Rv0815c	Rv2294	65.68257980650736
Rv0823c	Rv0824c	304.49862328452406
Rv0824c	Rv2524c	875.8360971395063
Rv0852	Rv0632c	28.119737171808584
Rv0852	Rv0673	24.23645468168853
Rv0852	Rv0905	25.113830422628165
Rv0852	Rv1935c	12.743165287308635
Rv0852	Rv3373	8.509337884363022
Rv0852	Rv3516	13.973289683566058
Rv0873	Rv0632c	156.6637330179332
Rv0873	Rv0673	135.028767955909
Rv0873	Rv0905	139.91689895070294
Rv0873	Rv1935c	70.99610612206557
Rv0873	Rv3373	47.40814717897633
Rv0873	Rv3516	77.84950872738318
Rv0905	Rv0231	48.95299378630361
Rv0905	Rv0752c	161.0551792893824
Rv0905	Rv0852	25.113830422628165
Rv0905	Rv0873	139.91689895070294
Rv0905	Rv0975c	27.733223933680694
Rv0905	Rv1550	24.120073728832118
Rv0905	Rv1679	31.880013496224297
Rv0905	Rv1933c	34.453688142372144
Rv0905	Rv3139	134.5533820928808
Rv0905	Rv3140	152.6322749204094
Rv0905	Rv3504	103.50127284529074
Rv0905	Rv3513c	23.65013587011086
Rv0905	Rv3564	26.92744490643903
Rv0951	Rv0248c	300.5911028903669
Rv0951	Rv1553	37.654252623592015
Rv0951	Rv1554	15.943945942096333
Rv0951	Rv3319	67.4019723898373
Rv0952	Rv0248c	242.5354130346944
Rv0952	Rv1553	30.381769868639328
Rv0952	Rv1554	12.864557457908374
Rv0952	Rv3319	54.38406212204007
Rv0975c	Rv0632c	31.052649270075026
Rv0975c	Rv0673	26.76433716937676
Rv0975c	Rv0753c	84.14695944481669
Rv0975c	Rv0905	27.733223933680694
Rv0975c	Rv1935c	14.072288081487036
Rv0975c	Rv3373	9.39686894046073
Rv0975c	Rv3516	15.430715480795751
Rv0975c	Rv3523	16.539708669176054
Rv1094	Rv2524c	543.8716302120861
Rv1256c	Rv0217c	33.689543998300316
Rv1256c	Rv2385	20.244144011026634
Rv1256c	Rv2970c	61.35101573564895
Rv1256c	Rv3084	19.385692674294244
Rv1298	Rv0056	142.0675188115686
Rv1298	Rv0640	160.20144943352182
Rv1298	Rv0641	286.22234577747946
Rv1298	Rv0701	247.3557108087191
Rv1298	Rv0709	115.85293758395623
Rv1298	Rv1643	164.3339434125251
Rv1298	Rv2442c	177.6607850619854
Rv1298	Rv2904c	191.8046273300654
Rv1298	Rv3443c	180.5591561667561
Rv1298	Rv3460c	144.926523154973
Rv1298	Rv3461c	119.60688232650249
Rv1298	Rv3924c	98.47600170334408
Rv1330c	Rv1596	81.34600964884193
Rv1390	Rv1625c	90.00827633141422
Rv1390	Rv2783c	280.93542337996166
Rv1404	Rv0193c	28.14711088939808
Rv1404	Rv1405c	72.5205386282605
Rv1404	Rv2711	147.8521885633919
Rv1474c	Rv1475c	106.11765771782615
Rv1475c	Rv1915	171.0132747837475
Rv1550	Rv0632c	27.007036457819055
Rv1550	Rv0673	23.277415830645275
Rv1550	Rv0905	24.120073728832118
Rv1550	Rv1935c	12.238917006926755
Rv1550	Rv3373	8.172622562962315
Rv1550	Rv3516	13.420365262093364
Rv1553	Rv0951	37.654252623592015
Rv1553	Rv0952	30.381769868639328
Rv1554	Rv0951	15.943945942096333
Rv1554	Rv0952	12.864557457908374
Rv1563c	Rv2006	27.380257390580102
Rv1564c	Rv2006	40.589221319983615
Rv1594	Rv1596	467.5609380848229
Rv1596	Rv0573c	63.73090273728177
Rv1596	Rv1330c	81.34600964884193
Rv1596	Rv1594	467.5609380848229
Rv1625c	Rv1390	90.00827633141422
Rv1630	Rv2783c	505.36086571554114
Rv1641	Rv0682	262.3901652842623
Rv1641	Rv0717	110.25520495635527
Rv1641	Rv2412	135.9546091249171
Rv1643	Rv0056	110.04834278684373
Rv1643	Rv0640	124.09524829945728
Rv1643	Rv0641	221.71355623625956
Rv1643	Rv0701	191.60668308331637
Rv1643	Rv0709	89.74200362443325
Rv1643	Rv1298	164.3339434125251
Rv1643	Rv2442c	137.61959903173218
Rv1643	Rv2904c	148.5757022653305
Rv1643	Rv3461c	92.64988433697343
Rv1643	Rv3924c	76.28148138563077
Rv1656	Rv2496c	70.42767301653943
Rv1666c	Rv0217c	15.894110690866473
Rv1666c	Rv2385	9.550816887558119
Rv1666c	Rv2970c	28.944287139911758
Rv1666c	Rv3084	9.145815247600176
Rv1679	Rv0632c	35.69577342291074
Rv1679	Rv0673	30.766254663274108
Rv1679	Rv0905	31.880013496224297
Rv1679	Rv1935c	16.176436429943127
Rv1679	Rv3373	10.801928739353038
Rv1679	Rv3516	17.73798166994708
Rv1715	Rv1935c	14.191612044575093
Rv1715	Rv3516	15.561558035595
Rv1715	Rv3523	16.679954773810902
Rv1837c	Rv1915	187.7097686954759
Rv1837c	Rv3535c	193.35902299766556
Rv1872c	Rv2496c	440.978737339628
Rv1872c	Rv2497c	587.6786994569537
Rv1915	Rv1475c	171.0132747837475
Rv1915	Rv1837c	187.7097686954759
Rv1933c	Rv0632c	38.577494506374656
Rv1933c	Rv0673	33.25001551843104
Rv1933c	Rv0905	34.453688142372144
Rv1933c	Rv1935c	17.482360729808867
Rv1933c	Rv3373	11.673968838371856
Rv1933c	Rv3516	19.169969573690747
Rv1935c	Rv0231	24.83954381428753
Rv1935c	Rv0752c	81.72201275248348
Rv1935c	Rv0852	12.743165287308635
Rv1935c	Rv0873	70.99610612206557
Rv1935c	Rv0975c	14.072288081487036
Rv1935c	Rv1550	12.238917006926755
Rv1935c	Rv1679	16.176436429943127
Rv1935c	Rv1715	14.191612044575093
Rv1935c	Rv1933c	17.482360729808867
Rv1935c	Rv3139	68.27457059003814
Rv1935c	Rv3140	77.44809432718799
Rv1935c	Rv3504	52.518226217135634
Rv1935c	Rv3513c	12.000462907823932
Rv1935c	Rv3564	13.663422720990878
Rv2006	Rv1563c	27.380257390580102
Rv2006	Rv1564c	40.589221319983615
Rv2070c	Rv2072c	11.757819764790444
Rv2072c	Rv2070c	11.757819764790444
Rv2111c	Rv2115c	116.36372359801481
Rv2115c	Rv2111c	116.36372359801481
Rv2139	Rv0382c	88.0865152544847
Rv2268c	Rv0217c	10.522405850104757
Rv2268c	Rv2385	6.322943978782759
Rv2268c	Rv2970c	19.16203694888927
Rv2268c	Rv3084	6.054820035991522
Rv2276	Rv0217c	13.712104249344014
Rv2276	Rv2385	8.239642932891442
Rv2276	Rv2970c	24.970700808915836
Rv2276	Rv3084	7.890241521496348
Rv2294	Rv0815c	65.68257980650736
Rv2294	Rv3283	46.94554714164749
Rv2374c	Rv0350	1132.6798375026183
Rv2385	Rv0565c	11.338150004144758
Rv2385	Rv0778	14.138698260885013
Rv2385	Rv1256c	20.244144011026634
Rv2385	Rv1666c	9.550816887558119
Rv2385	Rv2268c	6.322943978782759
Rv2385	Rv2276	8.239642932891442
Rv2385	Rv3685c	12.639472947280044
Rv2412	Rv0682	119.54885204197136
Rv2412	Rv0683	109.8490089726536
Rv2412	Rv0700	130.97181437201158
Rv2412	Rv0705	81.894185228312
Rv2412	Rv0717	50.233907089867245
Rv2412	Rv0718	85.65704097481427
Rv2412	Rv1641	135.9546091249171
Rv2412	Rv2785c	66.54943524389394
Rv2412	Rv2890c	119.56642992120037
Rv2412	Rv3460c	78.31130964668647
Rv2442c	Rv0056	118.97283402493336
Rv2442c	Rv0640	134.15888876955677
Rv2442c	Rv0641	239.69366061483035
Rv2442c	Rv0701	207.1452375134236
Rv2442c	Rv0709	97.01972998316775
Rv2442c	Rv1298	177.6607850619854
Rv2442c	Rv1643	137.61959903173218
Rv2442c	Rv2904c	160.62461203972168
Rv2442c	Rv3443c	151.20721962352061
Rv2442c	Rv3461c	100.16342847617865
Rv2442c	Rv3924c	82.46761190804281
Rv2496c	Rv0694	76.07733215340903
Rv2496c	Rv1656	70.42767301653943
Rv2496c	Rv1872c	440.978737339628
Rv2496c	Rv3002c	97.95169044451008
Rv2497c	Rv0694	101.38590329274
Rv2497c	Rv1872c	587.6786994569537
Rv2497c	Rv3002c	130.53718280685658
Rv2524c	Rv0649	80.46833192147987
Rv2524c	Rv0769	311.8014914295299
Rv2524c	Rv0824c	875.8360971395063
Rv2524c	Rv1094	543.8716302120861
Rv2534c	Rv0682	150.37627669554226
Rv2534c	Rv0683	138.17518684498503
Rv2534c	Rv0700	164.74481737731992
Rv2534c	Rv0705	103.01180184754169
Rv2534c	Rv0717	63.187456700897265
Rv2534c	Rv0718	107.74496512963478
Rv2534c	Rv2785c	83.7101830526523
Rv2534c	Rv2890c	150.39838728870575
Rv2534c	Rv3460c	98.50502925520375
Rv2592c	Rv2904c	65.30223952607184
Rv2642	Rv0757	85.62920178056139
Rv2703	Rv2416c	102.90008961965162
Rv2745c	Rv1221	537.5953502775492
Rv2745c	Rv2930	527.0609061875336
Rv2745c	Rv2934	316.685849736484
Rv2745c	Rv2939	130.71330196269247
Rv2754c	Rv2964	8.414925613656292
Rv2783c	Rv1390	280.93542337996166
Rv2783c	Rv1630	505.36086571554114
Rv2783c	Rv3051c	694.1907624588799
Rv2785c	Rv2412	66.54943524389394
Rv2785c	Rv2534c	83.7101830526523
Rv2868c	Rv3581c	198.05682654880144
Rv2887	Rv0757	45.0561569824237
Rv2890c	Rv2412	119.56642992120037
Rv2890c	Rv2534c	150.39838728870575
Rv2904c	Rv0056	128.44444025501963
Rv2904c	Rv0640	144.83947965490864
Rv2904c	Rv0709	104.74361658703967
Rv2904c	Rv1298	191.8046273300654
Rv2904c	Rv1643	148.5757022653305
Rv2904c	Rv2442c	160.62461203972168
Rv2904c	Rv2592c	65.30223952607184
Rv2904c	Rv3461c	108.13758964462616
Rv2904c	Rv3924c	89.03298250823259
Rv2964	Rv2754c	8.414925613656292
Rv2970c	Rv0565c	34.36090056159194
Rv2970c	Rv0778	42.848119387645056
Rv2970c	Rv1256c	61.35101573564895
Rv2970c	Rv1666c	28.944287139911758
Rv2970c	Rv2268c	19.16203694888927
Rv2970c	Rv2276	24.970700808915836
Rv2970c	Rv3685c	38.304632848714974
Rv2987c	Rv3710	103.97367129297088
Rv2988c	Rv3710	188.2822424038566
Rv3002c	Rv2496c	97.95169044451008
Rv3002c	Rv2497c	130.53718280685658
Rv3051c	Rv2783c	694.1907624588799
Rv3084	Rv0565c	10.857356643762177
Rv3084	Rv0778	13.539147871641505
Rv3084	Rv1256c	19.385692674294244
Rv3084	Rv1666c	9.145815247600176
Rv3084	Rv2268c	6.054820035991522
Rv3084	Rv2276	7.890241521496348
Rv3084	Rv3685c	12.103497089704867
Rv3139	Rv0632c	150.6582499107991
Rv3139	Rv0673	129.85263070119723
Rv3139	Rv0905	134.5533820928808
Rv3139	Rv1935c	68.27457059003814
Rv3139	Rv3373	45.590822763559274
Rv3139	Rv3516	74.86525767862595
Rv3140	Rv0632c	170.90102873474714
Rv3140	Rv0673	147.29992007664433
Rv3140	Rv0753c	463.1103069160281
Rv3140	Rv0905	152.6322749204094
Rv3140	Rv1935c	77.44809432718799
Rv3140	Rv3373	51.71650749805581
Rv3140	Rv3516	84.92432084764313
Rv3140	Rv3523	91.02776390996071
Rv3252c	Rv0162c	64.05924631035987
Rv3283	Rv2294	46.94554714164749
Rv3313c	Rv3393	10.212432478486903
Rv3319	Rv0951	67.4019723898373
Rv3319	Rv0952	54.38406212204007
Rv3373	Rv0231	16.586779378881705
Rv3373	Rv0752c	54.57044646463772
Rv3373	Rv0852	8.509337884363022
Rv3373	Rv0873	47.40814717897633
Rv3373	Rv0975c	9.39686894046073
Rv3373	Rv1550	8.172622562962315
Rv3373	Rv1679	10.801928739353038
Rv3373	Rv1933c	11.673968838371856
Rv3373	Rv3139	45.590822763559274
Rv3373	Rv3140	51.71650749805581
Rv3373	Rv3504	35.06941343797041
Rv3373	Rv3513c	8.013393167954927
Rv3373	Rv3564	9.123846231955275
Rv3393	Rv3313c	10.212432478486903
Rv3398c	Rv0562	32.20452382214323
Rv3406	Rv3432c	33.38332275144171
Rv3432c	Rv3406	33.38332275144171
Rv3443c	Rv0056	120.9137655831849
Rv3443c	Rv1298	180.5591561667561
Rv3443c	Rv2442c	151.20721962352061
Rv3443c	Rv3461c	101.79750200990101
Rv3443c	Rv3924c	83.81299458970959
Rv3460c	Rv1298	144.926523154973
Rv3460c	Rv2412	78.31130964668647
Rv3460c	Rv2534c	98.50502925520375
Rv3461c	Rv0056	80.09628998490531
Rv3461c	Rv0640	90.3200242896382
Rv3461c	Rv0641	161.36938407406055
Rv3461c	Rv0701	139.4567520295443
Rv3461c	Rv0709	65.31676319789482
Rv3461c	Rv1298	119.60688232650249
Rv3461c	Rv1643	92.64988433697343
Rv3461c	Rv2442c	100.16342847617865
Rv3461c	Rv2904c	108.13758964462616
Rv3461c	Rv3443c	101.79750200990101
Rv3461c	Rv3924c	55.51981519045711
Rv3469c	Rv3535c	22.882135056671483
Rv3469c	Rv3536c	28.65719585691315
Rv3504	Rv0632c	115.88947366367732
Rv3504	Rv0673	99.8853566579691
Rv3504	Rv0905	103.50127284529074
Rv3504	Rv1935c	52.518226217135634
Rv3504	Rv3373	35.06941343797041
Rv3504	Rv3516	57.58792043056674
Rv3513c	Rv0632c	26.48085113077242
Rv3513c	Rv0673	22.823895701519724
Rv3513c	Rv0905	23.65013587011086
Rv3513c	Rv1935c	12.000462907823932
Rv3513c	Rv3373	8.013393167954927
Rv3513c	Rv3516	13.158892690100913
Rv3516	Rv0231	27.23735692813702
Rv3516	Rv0752c	89.61080955701131
Rv3516	Rv0852	13.973289683566058
Rv3516	Rv0873	77.84950872738318
Rv3516	Rv0975c	15.430715480795751
Rv3516	Rv1550	13.420365262093364
Rv3516	Rv1679	17.73798166994708
Rv3516	Rv1715	15.561558035595
Rv3516	Rv1933c	19.169969573690747
Rv3516	Rv3139	74.86525767862595
Rv3516	Rv3140	84.92432084764313
Rv3516	Rv3504	57.58792043056674
Rv3516	Rv3513c	13.158892690100913
Rv3516	Rv3564	14.982381491949319
Rv3523	Rv0231	29.194884000707297
Rv3523	Rv0975c	16.539708669176054
Rv3523	Rv1715	16.679954773810902
Rv3523	Rv3140	91.02776390996071
Rv3523	Rv3535c	57.02032696304634
Rv3526	Rv3537	202.90065664715257
Rv3534c	Rv3535c	82.53728004254423
Rv3534c	Rv3536c	103.3682824534531
Rv3535c	Rv1837c	193.35902299766556
Rv3535c	Rv3469c	22.882135056671483
Rv3535c	Rv3523	57.02032696304634
Rv3535c	Rv3534c	82.53728004254423
Rv3535c	Rv3710	115.92507783715223
Rv3536c	Rv3469c	28.65719585691315
Rv3536c	Rv3534c	103.3682824534531
Rv3537	Rv3526	202.90065664715257
Rv3537	Rv3571	125.24574335455264
Rv3557c	Rv3564	12.983874053451293
Rv3564	Rv0632c	30.150425511959043
Rv3564	Rv0673	25.98670880490388
Rv3564	Rv0905	26.92744490643903
Rv3564	Rv1935c	13.663422720990878
Rv3564	Rv3373	9.123846231955275
Rv3564	Rv3516	14.982381491949319
Rv3571	Rv3537	125.24574335455264
Rv3574	Rv2668	14.857617290250502
Rv3574	Rv3504	55.09202296779741
Rv3574	Rv3523	31.902551100371667
Rv3581c	Rv2868c	198.05682654880144
Rv3685c	Rv0217c	21.03413608107026
Rv3685c	Rv2385	12.639472947280044
Rv3685c	Rv2970c	38.304632848714974
Rv3685c	Rv3084	12.103497089704867
Rv3692	Rv2930	136.5058476613498
Rv3692	Rv2934	82.01987636178828
Rv3692	Rv2939	33.854019289912095
Rv3710	Rv2987c	103.97367129297088
Rv3710	Rv2988c	188.2822424038566
Rv3710	Rv3535c	115.92507783715223
Rv3840	Rv3839	3.9527982625580522
Rv3866	Rv3873	800.7567054209551
Rv3868	Rv3873	862.9711326079864
Rv3872	Rv0905	239.58402753029375
Rv3872	Rv1672c	85.4378270075983
Rv3872	Rv1899c	465.9565899882019
Rv3872	Rv3235	50.12193455004781
Rv3873	Rv3866	800.7567054209551
Rv3873	Rv3868	862.9711326079864
Rv3873	Rv3874	2589.339979114985
Rv3873	Rv3875	2772.748308987277
Rv3874	Rv2797c	269.459822353454
Rv3874	Rv3196	107.44739781870298
Rv3874	Rv3600c	714.7578452509997
Rv3874	Rv3873	2589.339979114985
Rv3875	Rv1051c	111.33080847952361
Rv3875	Rv2346c	672.7446552391762
Rv3875	Rv3873	2772.748308987277
Rv3924c	Rv0056	65.9457234864933
Rv3924c	Rv0640	74.36323640233937
Rv3924c	Rv0641	132.8603457580772
Rv3924c	Rv0701	114.81900609126778
Rv3924c	Rv0709	53.77728738363395
Rv3924c	Rv1298	98.47600170334408
Rv3924c	Rv1643	76.28148138563077
Rv3924c	Rv2442c	82.46761190804281
Rv3924c	Rv2904c	89.03298250823259
Rv3924c	Rv3443c	83.81299458970959
Rv3924c	Rv3461c	55.51981519045711
Rv0324	Rv2516c	38.160177715608995
Rv0324	Rv2517c	35.06684492119444
Rv0324	Rv3597c	136.2196227126789
Rv3574	Rv3536c	63.73564460534755
Rv3574	Rv3570c	65.22793093686121
Rv0465c	Rv0464c	121.97201707412049
Rv3160c	Rv3161c	109.3060872946466
Rv2711	Rv3841	427.30785500690115
Rv0905	Rv3872	239.58402753029375
Rv1051c	Rv3875	111.33080847952361
Rv1672c	Rv3872	85.4378270075983
Rv1899c	Rv3872	465.9565899882019
Rv2261c	Rv3873	101.00233982191054
Rv2346c	Rv3875	672.7446552391762
Rv2797c	Rv3874	269.459822353454
Rv3196	Rv3874	107.44739781870298
Rv3235	Rv3872	50.12193455004781
Rv3600c	Rv3874	714.7578452509997
Rv0350	Rv0351	4573.930314864145
Rv0351	Rv0350	4573.930314864145
Rv0382c	Rv1385	49.07077497514287
Rv0440	Rv3418c	7379.903685603397
Rv0632c	Rv1715	31.315955788093472
Rv0640	Rv0641	216.13814121740526
Rv0640	Rv0682	167.06930737289383
Rv0640	Rv0701	186.78836346086982
Rv0640	Rv0709	87.4852678464163
Rv0640	Rv3443c	136.3475667410189
Rv0641	Rv0640	216.13814121740526
Rv0641	Rv0682	298.4927366935695
Rv0641	Rv0684	714.9265433218131
Rv0641	Rv0709	156.30469432402498
Rv0641	Rv2904c	258.77603339176045
Rv0641	Rv3443c	243.60404061050784
Rv0673	Rv1715	26.991281555533583
Rv0682	Rv0640	167.06930737289383
Rv0682	Rv0641	298.4927366935695
Rv0682	Rv0684	552.6201055607764
Rv0682	Rv0700	252.77345315358974
Rv0682	Rv0705	158.05443402167464
Rv0682	Rv0717	96.95061659935156
Rv0682	Rv0718	165.3166838830117
Rv0682	Rv2785c	128.43931828140796
Rv0682	Rv2890c	230.76124826814
Rv0682	Rv3460c	151.13954292598638
Rv0683	Rv0700	232.26415686341238
Rv0683	Rv0705	145.23036101525346
Rv0683	Rv0717	89.08432804513654
Rv0683	Rv0718	151.90337323204662
Rv0683	Rv2785c	118.01812886820959
Rv0683	Rv3460c	138.8765238930994
Rv0684	Rv0641	714.9265433218131
Rv0684	Rv0682	552.6201055607764
Rv0700	Rv0682	252.77345315358974
Rv0700	Rv0683	232.26415686341238
Rv0700	Rv0705	173.15662710079812
Rv0700	Rv0717	106.21430439201858
Rv0700	Rv0718	181.11278915937044
Rv0700	Rv2785c	140.71176983041556
Rv0700	Rv2890c	252.81061972738732
Rv0700	Rv3460c	165.58101413992082
Rv0701	Rv0640	186.78836346086982
Rv0701	Rv0709	135.07980539477794
Rv0705	Rv0682	158.05443402167464
Rv0705	Rv0683	145.23036101525346
Rv0705	Rv0700	173.15662710079812
Rv0705	Rv0717	66.4137849771981
Rv0705	Rv0718	113.24638338218888
Rv0705	Rv2785c	87.98439418090706
Rv0705	Rv2890c	158.0776735735849
Rv0709	Rv0640	87.4852678464163
Rv0709	Rv0641	156.30469432402498
Rv0709	Rv0701	135.07980539477794
Rv0709	Rv3443c	98.6025169886274
Rv0717	Rv0682	96.95061659935156
Rv0717	Rv0683	89.08432804513654
Rv0717	Rv0700	106.21430439201858
Rv0717	Rv0705	66.4137849771981
Rv0717	Rv0718	69.46535074773122
Rv0717	Rv2785c	53.96964229291768
Rv0717	Rv2890c	96.96487174442952
Rv0717	Rv3460c	63.50817784752527
Rv0718	Rv0682	165.3166838830117
Rv0718	Rv0683	151.90337323204662
Rv0718	Rv0700	181.11278915937044
Rv0718	Rv0705	113.24638338218888
Rv0718	Rv0717	69.46535074773122
Rv0718	Rv2785c	92.02708148920804
Rv0718	Rv2890c	165.3409912406668
Rv0718	Rv3460c	108.29184722560747
Rv0905	Rv1715	27.968383857199374
Rv0951	Rv2215	243.74232464313866
Rv0952	Rv2215	196.66631784148757
Rv1029	Rv1030	19.720460398575437
Rv1030	Rv1029	19.720460398575437
Rv1385	Rv0382c	49.07077497514287
Rv1553	Rv1554	2.2368331825316194
Rv1554	Rv1553	2.2368331825316194
Rv1715	Rv0632c	31.315955788093472
Rv1715	Rv0673	26.991281555533583
Rv1715	Rv0905	27.968383857199374
Rv1715	Rv3373	9.476548352657383
Rv2215	Rv0951	243.74232464313866
Rv2215	Rv0952	196.66631784148757
Rv2785c	Rv0682	128.43931828140796
Rv2785c	Rv0683	118.01812886820959
Rv2785c	Rv0700	140.71176983041556
Rv2785c	Rv0705	87.98439418090706
Rv2785c	Rv0717	53.96964229291768
Rv2785c	Rv0718	92.02708148920804
Rv2785c	Rv2890c	128.45820337136445
Rv2785c	Rv3460c	84.13507158741596
Rv2890c	Rv0682	230.76124826814
Rv2890c	Rv0683	212.0379576932126
Rv2890c	Rv0700	252.81061972738732
Rv2890c	Rv0705	158.0776735735849
Rv2890c	Rv0717	96.96487174442952
Rv2890c	Rv0718	165.3409912406668
Rv2890c	Rv2785c	128.45820337136445
Rv2890c	Rv3460c	151.16176574608798
Rv2904c	Rv0641	258.77603339176045
Rv2904c	Rv3443c	163.24505376572503
Rv2987c	Rv2988c	132.50353791870697
Rv2988c	Rv2987c	132.50353791870697
Rv3146	Rv3148	26.334822606477374
Rv3146	Rv3149	24.410581606609558
Rv3146	Rv3150	30.465419008226288
Rv3148	Rv3146	26.334822606477374
Rv3148	Rv3149	31.507132755316043
Rv3148	Rv3150	39.32220938474534
Rv3149	Rv3146	24.410581606609558
Rv3149	Rv3148	31.507132755316043
Rv3149	Rv3150	36.44900197286389
Rv3150	Rv3146	30.465419008226288
Rv3150	Rv3148	39.32220938474534
Rv3150	Rv3149	36.44900197286389
Rv3152	Rv3156	37.17648890577349
Rv3152	Rv3157	29.819715711707758
Rv3156	Rv3152	37.17648890577349
Rv3156	Rv3157	42.09169432228491
Rv3157	Rv3152	29.819715711707758
Rv3157	Rv3156	42.09169432228491
Rv3373	Rv1715	9.476548352657383
Rv3417c	Rv3418c	2642.1180537093423
Rv3418c	Rv0440	7379.903685603397
Rv3418c	Rv3417c	2642.1180537093423
Rv3443c	Rv0640	136.3475667410189
Rv3443c	Rv0641	243.60404061050784
Rv3443c	Rv0709	98.6025169886274
Rv3443c	Rv2904c	163.24505376572503
Rv3460c	Rv0682	151.13954292598638
Rv3460c	Rv0683	138.8765238930994
Rv3460c	Rv0700	165.58101413992082
Rv3460c	Rv0717	63.50817784752527
Rv3460c	Rv0718	108.29184722560747
Rv3460c	Rv2785c	84.13507158741596
Rv3460c	Rv2890c	151.16176574608798
Rv3875	Rv3874	2804.7449381641463
Rv0353	Rv0350	1102.3411431193977
Rv1221	Rv2710	1254.6758750967517
Rv1956	Rv1955	74.8759900266391
Rv3574	Rv3492c	17.82442836806525
Rv3574	Rv3494c	26.452536807649537
Rv3574	Rv3496c	31.897332134232055
Rv3574	Rv3503c	29.736337378041558
Rv3574	Rv3520c	57.93276201535425
Rv3574	Rv3527	32.210158036708904
Rv3574	Rv3535c	50.89149807488081
Rv3574	Rv3541c	13.432694017998806
Rv3574	Rv3545c	36.81594526786144
Rv3574	Rv1628c	36.22249054280872
Rv3574	Rv1894c	82.7512555308455
Rv3574	Rv3515c	67.70537918586506
Rv3574	Rv3516	29.76347401201875
Rv3574	Rv3526	91.86495131897749
Rv3855	Rv3854c	163.52932667798316
Rv0683	Rv2890c	212.0379576932126
Rv3874	Rv3875	2804.7449381641463
